Es,Sx,Sxx,Sy,Syy,PQ-5,PQ-4,PQ-3,PQ-2,PQ-1,PQ0
(0.0020027958049782728+0j),[-9.33946325e-16],[1.],[-0.08941453],[1.],"(array([0.00504391]), array([0.00873631]))","(array([0.]), array([0.]))","(array([0.]), array([0.]))","(array([0.]), array([0.]))","(array([0.]), array([0.]))","(array([0.01008782]), array([-6.2883726e-17]))"
(0.007153117107434137+0j),[4.55495868e-16],[1.],[-0.16852388],[1.],"(array([0.01454857]), array([0.02519885]))","(array([-1.55744438e-29]), array([1.14013475e-29]))","(array([2.20078196e-38]), array([-1.22585394e-38]))","(array([4.80923504e-52]), array([5.97255547e-52]))","(array([0.01008782]), array([1.28803218e-16]))","(array([0.02909713]), array([5.80265003e-16]))"
(0.015573333653049429+0j),[-3.28220538e-16],[1.],[-0.24752418],[1.],"(array([0.02346707]), array([0.04064615]))","(array([1.59900635e-22]), array([-1.54049073e-22]))","(array([4.18134867e-24]), array([-8.19734444e-25]))","(array([0.01008782]), array([1.33573708e-16]))","(array([0.02909713]), array([5.98479599e-16]))","(array([0.04693413]), array([-4.75314232e-16]))"
(0.023039696444282023+0j),[3.05039303e-15],[1.],[-0.29973729],[1.],"(array([0.03085874]), array([0.0534489]))","(array([-5.16237075e-22]), array([-1.0540764e-21]))","(array([0.01008782]), array([4.33680869e-19]))","(array([0.02909713]), array([7.39859563e-16]))","(array([0.04693413]), array([-3.2959746e-17]))","(array([0.06171748]), array([4.28476699e-16]))"
(0.03738916658370093+0j),[3.73510255e-16],[1.],[-0.37873611],[1.],"(array([0.03827172]), array([0.06628855]))","(array([0.01008782]), array([2.34187669e-17]))","(array([0.02909713]), array([7.66747776e-16]))","(array([0.04693413]), array([-7.80625564e-17]))","(array([0.06171748]), array([6.24500451e-17]))","(array([0.07654343]), array([-3.50414142e-16]))"
(0.0525257950450603+0j),[0.00176689],[1.],[-0.44475607],[1.],"(array([0.05635965]), array([0.0805455]))","(array([0.02909713]), array([6.76542156e-16]))","(array([0.04693413]), array([7.97972799e-16]))","(array([0.06171748]), array([4.96130914e-16]))","(array([0.07654343]), array([-2.74086309e-16]))","(array([0.09289037]), array([0.00020017]))"
(0.06947813691339738+0j),[0.00667717],[1.],[-0.50591964],[1.],"(array([0.08188707]), array([0.0933451]))","(array([0.04693413]), array([8.15320034e-16]))","(array([0.06171748]), array([1.83013327e-15]))","(array([0.07654343]), array([-7.00828284e-16]))","(array([0.09289037]), array([0.00020017]))","(array([0.10723421]), array([0.00095512]))"
(0.08346161045695688+0j),[0.01428652],[1.],[-0.54869443],[1.],"(array([0.1043503]), array([0.10418313]))","(array([0.06171748]), array([1.9585028e-15]))","(array([0.07654343]), array([-9.08995101e-16]))","(array([0.09289037]), array([0.00020017]))","(array([0.10723421]), array([0.00095512]))","(array([0.11893335]), array([0.0023677]))"
(0.10005776907427189+0j),[0.02384908],[1.],[-0.59321862],[1.],"(array([0.12238069]), array([0.11368444]))","(array([0.07654343]), array([-7.66747776e-16]))","(array([0.09289037]), array([0.00020017]))","(array([0.10723421]), array([0.00095512]))","(array([0.11893335]), array([0.0023677]))","(array([0.12878526]), array([0.00430632]))"
(0.11431643810868926+0j),[0.03522629],[1.],[-0.62611261],[1.],"(array([0.13951875]), array([0.12241254]))","(array([0.09289037]), array([0.00020017]))","(array([0.10723421]), array([0.00095512]))","(array([0.11893335]), array([0.0023677]))","(array([0.12878526]), array([0.00430632]))","(array([0.1375001]), array([0.00666802]))"
(0.1300383622609165+0j),[0.04854947],[1.],[-0.6582297],[1.],"(array([0.15711786]), array([0.13035767]))","(array([0.10723421]), array([0.00095512]))","(array([0.11893335]), array([0.0023677]))","(array([0.12878526]), array([0.00430632]))","(array([0.1375001]), array([0.00666802]))","(array([0.14483354]), array([0.00945608]))"
(0.13564413930790234+0j),[0.06342497],[1.],[-0.66496262],[1.],"(array([0.17088458]), array([0.13646313]))","(array([0.11893335]), array([0.0023677]))","(array([0.12878526]), array([0.00430632]))","(array([0.1375001]), array([0.00666802]))","(array([0.14483354]), array([0.00945608]))","(array([0.14917868]), array([0.01263111]))"
(0.15093842808747654+0j),[0.07921139],[1.],[-0.69060247],[1.],"(array([0.18142172]), array([0.14279489]))","(array([0.12878526]), array([0.00430632]))","(array([0.1375001]), array([0.00666802]))","(array([0.14483354]), array([0.00945608]))","(array([0.14917868]), array([0.01263111]))","(array([0.15285785]), array([0.01609703]))"
(0.1603217032183841+0j),[0.09538667],[1.],[-0.70164582],[1.],"(array([0.19021101]), array([0.15009523]))","(array([0.1375001]), array([0.00666802]))","(array([0.14483354]), array([0.00945608]))","(array([0.14917868]), array([0.01263111]))","(array([0.15285785]), array([0.01609703]))","(array([0.15696994]), array([0.01969813]))"
(0.17345808306639562+0j),[0.11169466],[1.],[-0.71789911],[1.],"(array([0.19729351]), array([0.15696508]))","(array([0.14483354]), array([0.00945608]))","(array([0.14917868]), array([0.01263111]))","(array([0.15285785]), array([0.01609703]))","(array([0.15696994]), array([0.01969813]))","(array([0.160058]), array([0.02336584]))"
(0.1784704838743064+0j),[0.1279182],[1.],[-0.71787771],[1.],"(array([0.20235713]), array([0.16314665]))","(array([0.14917868]), array([0.01263111]))","(array([0.15285785]), array([0.01609703]))","(array([0.15696994]), array([0.01969813]))","(array([0.160058]), array([0.02336584]))","(array([0.16186195]), array([0.02702831]))"
(0.185047473045475+0j),[0.1435333],[1.],[-0.72018134],[1.],"(array([0.20372067]), array([0.16834254]))","(array([0.15285785]), array([0.01609703]))","(array([0.15696994]), array([0.01969813]))","(array([0.160058]), array([0.02336584]))","(array([0.16186195]), array([0.02702831]))","(array([0.16212128]), array([0.0306209]))"
(0.18627983261741163+0j),[0.15853872],[1.],[-0.71294769],[1.],"(array([0.20412967]), array([0.17304081]))","(array([0.15696994]), array([0.01969813]))","(array([0.160058]), array([0.02336584]))","(array([0.16186195]), array([0.02702831]))","(array([0.16212128]), array([0.0306209]))","(array([0.16155345]), array([0.03406909]))"
(0.19367346887365236+0j),[0.17303756],[1.],[-0.71626305],[1.],"(array([0.20513856]), array([0.1779361]))","(array([0.160058]), array([0.02336584]))","(array([0.16186195]), array([0.02702831]))","(array([0.16212128]), array([0.0306209]))","(array([0.16155345]), array([0.03406909]))","(array([0.16112269]), array([0.03740365]))"
(0.18756973128311324+0j),[0.1870719],[1.],[-0.69634188],[1.],"(array([0.20450634]), array([0.18156786]))","(array([0.16186195]), array([0.02702831]))","(array([0.16212128]), array([0.0306209]))","(array([0.16155345]), array([0.03406909]))","(array([0.16112269]), array([0.03740365]))","(array([0.15923134]), array([0.04060752]))"
(0.19174200201832411+0j),[0.20045652],[1.],[-0.6950283],[1.],"(array([0.20243]), array([0.18471725]))","(array([0.16212128]), array([0.0306209]))","(array([0.16155345]), array([0.03406909]))","(array([0.16112269]), array([0.03740365]))","(array([0.15923134]), array([0.04060752]))","(array([0.15684688]), array([0.04371143]))"
(0.19466589271485588+0j),[0.21263189],[1.],[-0.69158492],[1.],"(array([0.19992404]), array([0.18928245]))","(array([0.16155345]), array([0.03406909]))","(array([0.16112269]), array([0.03740365]))","(array([0.15923134]), array([0.04060752]))","(array([0.15684688]), array([0.04371143]))","(array([0.15630657]), array([0.04659254]))"
(0.1990265851896611+0j),[0.22346425],[1.],[-0.69082811],[1.],"(array([0.19687182]), array([0.19361995]))","(array([0.16112269]), array([0.03740365]))","(array([0.15923134]), array([0.04060752]))","(array([0.15684688]), array([0.04371143]))","(array([0.15630657]), array([0.04659254]))","(array([0.15583456]), array([0.04918875]))"
(0.18794718178005224+0j),[0.23353387],[1.],[-0.66329895],[1.],"(array([0.19281664]), array([0.19535484]))","(array([0.15923134]), array([0.04060752]))","(array([0.15684688]), array([0.04371143]))","(array([0.15630657]), array([0.04659254]))","(array([0.15583456]), array([0.04918875]))","(array([0.15263691]), array([0.05152773]))"
(0.19208521450055957+0j),[0.24249898],[1.],[-0.66454994],[1.],"(array([0.1875738]), array([0.19708204]))","(array([0.15684688]), array([0.04371143]))","(array([0.15630657]), array([0.04659254]))","(array([0.15583456]), array([0.04918875]))","(array([0.15263691]), array([0.05152773]))","(array([0.14968239]), array([0.05369192]))"
(0.17198594168200948+0j),[0.25064801],[1.],[-0.61977986],[1.],"(array([0.18109772]), array([0.19690013]))","(array([0.15630657]), array([0.04659254]))","(array([0.15583456]), array([0.04918875]))","(array([0.15263691]), array([0.05152773]))","(array([0.14968239]), array([0.05369192]))","(array([0.14479082]), array([0.05559243]))"
(0.16899662244046748+0j),[0.25870398],[1.],[-0.60996015],[1.],"(array([0.17586851]), array([0.19535588]))","(array([0.15583456]), array([0.04918875]))","(array([0.15263691]), array([0.05152773]))","(array([0.14968239]), array([0.05369192]))","(array([0.14479082]), array([0.05559243]))","(array([0.13861395]), array([0.05744048]))"
(0.16743112090712306+0j),[0.26618515],[1.],[-0.60354815],[1.],"(array([0.17296305]), array([0.19724506]))","(array([0.15263691]), array([0.05152773]))","(array([0.14968239]), array([0.05369192]))","(array([0.14479082]), array([0.05559243]))","(array([0.13861395]), array([0.05744048]))","(array([0.13678493]), array([0.05919439]))"
(0.1738134469728316+0j),[0.27211695],[1.],[-0.61452433],[1.],"(array([0.16871253]), array([0.20080267]))","(array([0.14968239]), array([0.05369192]))","(array([0.14479082]), array([0.05559243]))","(array([0.13861395]), array([0.05744048]))","(array([0.13678493]), array([0.05919439]))","(array([0.13731388]), array([0.06071554]))"
(0.17180951835544883+0j),[0.27671362],[1.],[-0.60761437],[1.],"(array([0.16496037]), array([0.20393808]))","(array([0.14479082]), array([0.05559243]))","(array([0.13861395]), array([0.05744048]))","(array([0.13678493]), array([0.05919439]))","(array([0.13731388]), array([0.06071554]))","(array([0.13775618]), array([0.06189189]))"
(0.17738748807340077+0j),[0.27957161],[1.],[-0.61732783],[1.],"(array([0.15949888]), array([0.20654744]))","(array([0.13861395]), array([0.05744048]))","(array([0.13678493]), array([0.05919439]))","(array([0.13731388]), array([0.06071554]))","(array([0.13775618]), array([0.06189189]))","(array([0.13808511]), array([0.06273995]))"
(0.17922929562697268+0j),[0.28042672],[1.],[-0.61946427],[1.],"(array([0.1536284]), array([0.20975055]))","(array([0.13678493]), array([0.05919439]))","(array([0.13731388]), array([0.06071554]))","(array([0.13775618]), array([0.06189189]))","(array([0.13808511]), array([0.06273995]))","(array([0.13941189]), array([0.06315206]))"
(0.17933998545485985+0j),[0.28063331],[1.],[-0.61834019],[1.],"(array([0.15175313]), array([0.2116593]))","(array([0.13731388]), array([0.06071554]))","(array([0.13775618]), array([0.06189189]))","(array([0.13808511]), array([0.06273995]))","(array([0.13941189]), array([0.06315206]))","(array([0.13952286]), array([0.06326953]))"
(0.17308817359291143+0j),[0.2810417],[1.],[-0.60429677],[1.],"(array([0.15137093]), array([0.21172815]))","(array([0.13775618]), array([0.06189189]))","(array([0.13808511]), array([0.06273995]))","(array([0.13941189]), array([0.06315206]))","(array([0.13952286]), array([0.06326953]))","(array([0.13780952]), array([0.06333244]))"
(0.17300451799861274+0j),[0.2816218],[1.],[-0.60379517],[1.],"(array([0.15089226]), array([0.21154687]))","(array([0.13808511]), array([0.06273995]))","(array([0.13941189]), array([0.06315206]))","(array([0.13952286]), array([0.06326953]))","(array([0.13780952]), array([0.06333244]))","(array([0.1361733]), array([0.06345123]))"
(0.1664946441998417+0j),[0.28238487],[1.],[-0.58949975],[1.],"(array([0.15026048]), array([0.21102027]))","(array([0.13941189]), array([0.06315206]))","(array([0.13952286]), array([0.06326953]))","(array([0.13780952]), array([0.06333244]))","(array([0.1361733]), array([0.06345123]))","(array([0.13450242]), array([0.06359589]))"
(0.16626615546013668+0j),[0.28358352],[1.],[-0.58932353],[1.],"(array([0.15057504]), array([0.21013673]))","(array([0.13952286]), array([0.06326953]))","(array([0.13780952]), array([0.06333244]))","(array([0.1361733]), array([0.06345123]))","(array([0.13450242]), array([0.06359589]))","(array([0.13287424]), array([0.06382469]))"
(0.1627402889005825+0j),[0.28483839],[1.],[-0.58169705],[1.],"(array([0.15000857]), array([0.20962694]))","(array([0.13780952]), array([0.06333244]))","(array([0.1361733]), array([0.06345123]))","(array([0.13450242]), array([0.06359589]))","(array([0.13287424]), array([0.06382469]))","(array([0.13199228]), array([0.06409775]))"
(0.16340912751689313+0j),[0.28566956],[1.],[-0.58393021],[1.],"(array([0.14778611]), array([0.20928672]))","(array([0.1361733]), array([0.06345123]))","(array([0.13450242]), array([0.06359589]))","(array([0.13287424]), array([0.06382469]))","(array([0.13199228]), array([0.06409775]))","(array([0.13138861]), array([0.06433712]))"
(0.15599643773601196+0j),[0.28625315],[1.],[-0.56755485],[1.],"(array([0.14522153]), array([0.20809766]))","(array([0.13450242]), array([0.06359589]))","(array([0.13287424]), array([0.06382469]))","(array([0.13199228]), array([0.06409775]))","(array([0.13138861]), array([0.06433712]))","(array([0.12979175]), array([0.06448716]))"
(0.14895336615371463+0j),[0.2868043],[1.],[-0.55209936],[1.],"(array([0.14164626]), array([0.20520001]))","(array([0.13287424]), array([0.06382469]))","(array([0.13199228]), array([0.06409775]))","(array([0.13138861]), array([0.06433712]))","(array([0.12979175]), array([0.06448716]))","(array([0.12620481]), array([0.06461527]))"
(0.1391820293973045+0j),[0.28741192],[1.],[-0.52935255],[1.],"(array([0.13775689]), array([0.20176692]))","(array([0.13199228]), array([0.06409775]))","(array([0.13138861]), array([0.06433712]))","(array([0.12979175]), array([0.06448716]))","(array([0.12620481]), array([0.06461527]))","(array([0.1219029]), array([0.06474258]))"
(0.13383238209813544+0j),[0.288192],[1.],[-0.51812574],[1.],"(array([0.13481913]), array([0.19880182]))","(array([0.13138861]), array([0.06433712]))","(array([0.12979175]), array([0.06448716]))","(array([0.12620481]), array([0.06461527]))","(array([0.1219029]), array([0.06474258]))","(array([0.11807066]), array([0.06490387]))"
(0.12842043763704947+0j),[0.28908994],[1.],[-0.50641344],[1.],"(array([0.13275935]), array([0.19689714]))","(array([0.12979175]), array([0.06448716]))","(array([0.12620481]), array([0.06461527]))","(array([0.1219029]), array([0.06474258]))","(array([0.11807066]), array([0.06490387]))","(array([0.11548579]), array([0.06509287]))"
(0.13052142942067704+0j),[0.28963683],[1.],[-0.51622086],[1.],"(array([0.13091039]), array([0.19695158]))","(array([0.12620481]), array([0.06461527]))","(array([0.1219029]), array([0.06474258]))","(array([0.11807066]), array([0.06490387]))","(array([0.11548579]), array([0.06509287]))","(array([0.11527696]), array([0.06526342]))"
(0.13285000543321174+0j),[0.28917086],[1.],[-0.52617202],[1.],"(array([0.12843039]), array([0.1990131]))","(array([0.1219029]), array([0.06474258]))","(array([0.11807066]), array([0.06490387]))","(array([0.11548579]), array([0.06509287]))","(array([0.11527696]), array([0.06526342]))","(array([0.11750484]), array([0.06527148]))"
(0.13517899969106467+0j),[0.28759805],[1.],[-0.53578327],[1.],"(array([0.12543146]), array([0.20093464]))","(array([0.11807066]), array([0.06490387]))","(array([0.11548579]), array([0.06509287]))","(array([0.11527696]), array([0.06526342]))","(array([0.11750484]), array([0.06527148]))","(array([0.11971019]), array([0.06504019]))"
(0.13275636721402678+0j),[0.28524207],[1.],[-0.53246057],[1.],"(array([0.1223397]), array([0.20148117]))","(array([0.11548579]), array([0.06509287]))","(array([0.11527696]), array([0.06526342]))","(array([0.11750484]), array([0.06527148]))","(array([0.11971019]), array([0.06504019]))","(array([0.12041405]), array([0.06459151]))"
(0.1357779359409965+0j),[0.28242402],[1.],[-0.54394853],[1.],"(array([0.12071992]), array([0.20218365]))","(array([0.11527696]), array([0.06526342]))","(array([0.11750484]), array([0.06527148]))","(array([0.11971019]), array([0.06504019]))","(array([0.12041405]), array([0.06459151]))","(array([0.12134131]), array([0.06401246]))"
(0.13880283311411387+0j),[0.27958252],[1.],[-0.55461869],[1.],"(array([0.12231283]), array([0.20419799]))","(array([0.11750484]), array([0.06527148]))","(array([0.11971019]), array([0.06504019]))","(array([0.12041405]), array([0.06459151]))","(array([0.12134131]), array([0.06401246]))","(array([0.12383898]), array([0.06337398]))"
(0.14264851328474493+0j),[0.27723864],[1.],[-0.56632858],[1.],"(array([0.12630821]), array([0.20610033]))","(array([0.11971019]), array([0.06504019]))","(array([0.12041405]), array([0.06459151]))","(array([0.12134131]), array([0.06401246]))","(array([0.12383898]), array([0.06337398]))","(array([0.12636324]), array([0.06279042]))"
(0.1378094148339918+0j),[0.27555375],[1.],[-0.55545335],[1.],"(array([0.12895608]), array([0.20571238]))","(array([0.12041405]), array([0.06459151]))","(array([0.12134131]), array([0.06401246]))","(array([0.12383898]), array([0.06337398]))","(array([0.12636324]), array([0.06279042]))","(array([0.12644877]), array([0.06232886]))"
(0.14449967154648485+0j),[0.27409331],[1.],[-0.57368634],[1.],"(array([0.13038068]), array([0.20582358]))","(array([0.12134131]), array([0.06401246]))","(array([0.12383898]), array([0.06337398]))","(array([0.12636324]), array([0.06279042]))","(array([0.12644877]), array([0.06232886]))","(array([0.12729407]), array([0.06198464]))"
(0.1420065209768057+0j),[0.2728548],[1.],[-0.56825314],[1.],"(array([0.13229226]), array([0.20632431]))","(array([0.12383898]), array([0.06337398]))","(array([0.12636324]), array([0.06279042]))","(array([0.12644877]), array([0.06232886]))","(array([0.12729407]), array([0.06198464]))","(array([0.12872131]), array([0.06167207]))"
(0.14879330157189996+0j),[0.2721717],[1.],[-0.58517335],[1.],"(array([0.13562507]), array([0.20671671]))","(array([0.12636324]), array([0.06279042]))","(array([0.12644877]), array([0.06232886]))","(array([0.12729407]), array([0.06198464]))","(array([0.12872131]), array([0.06167207]))","(array([0.1300317]), array([0.06146424]))"
(0.15089713686015424+0j),[0.27190626],[1.],[-0.58966985],[1.],"(array([0.13944676]), array([0.20815883]))","(array([0.12644877]), array([0.06232886]))","(array([0.12729407]), array([0.06198464]))","(array([0.12872131]), array([0.06167207]))","(array([0.1300317]), array([0.06146424]))","(array([0.1324347]), array([0.06135349]))"
(0.15396409745499037+0j),[0.27156007],[1.],[-0.59612208],[1.],"(array([0.14020919]), array([0.20873342]))","(array([0.12729407]), array([0.06198464]))","(array([0.12872131]), array([0.06167207]))","(array([0.1300317]), array([0.06146424]))","(array([0.1324347]), array([0.06135349]))","(array([0.13367047]), array([0.06128537]))"
(0.15740282921379428+0j),[0.27128623],[1.],[-0.60295253],[1.],"(array([0.14186348]), array([0.20965129]))","(array([0.12872131]), array([0.06167207]))","(array([0.1300317]), array([0.06146424]))","(array([0.1324347]), array([0.06135349]))","(array([0.13367047]), array([0.06128537]))","(array([0.13516801]), array([0.06121576]))"
(0.16189815742258085+0j),[0.27115088],[1.],[-0.61153979],[1.],"(array([0.14419941]), array([0.21082301]))","(array([0.1300317]), array([0.06146424]))","(array([0.1324347]), array([0.06135349]))","(array([0.13367047]), array([0.06128537]))","(array([0.13516801]), array([0.06121576]))","(array([0.13690779]), array([0.06117099]))"
(0.15741717371764316+0j),[0.27132689],[1.],[-0.60003572],[1.],"(array([0.14534313]), array([0.21031923]))","(array([0.1324347]), array([0.06135349]))","(array([0.13367047]), array([0.06128537]))","(array([0.13516801]), array([0.06121576]))","(array([0.13690779]), array([0.06117099]))","(array([0.13656812]), array([0.06116732]))"
(0.16117910591776163+0j),[0.27204342],[1.],[-0.6070481],[1.],"(array([0.14740273]), array([0.2098323]))","(array([0.13367047]), array([0.06128537]))","(array([0.13516801]), array([0.06121576]))","(array([0.13690779]), array([0.06117099]))","(array([0.13656812]), array([0.06116732]))","(array([0.13607067]), array([0.06127665]))"
(0.16102889484492275+0j),[0.27290123],[1.],[-0.60507245],[1.],"(array([0.14876826]), array([0.21033701]))","(array([0.13516801]), array([0.06121576]))","(array([0.13690779]), array([0.06117099]))","(array([0.13656812]), array([0.06116732]))","(array([0.13607067]), array([0.06127665]))","(array([0.13663162]), array([0.06145068]))"
(0.16416842075513013+0j),[0.27396787],[1.],[-0.61025294],[1.],"(array([0.1502577]), array([0.21069474]))","(array([0.13690779]), array([0.06117099]))","(array([0.13656812]), array([0.06116732]))","(array([0.13607067]), array([0.06127665]))","(array([0.13663162]), array([0.06145068]))","(array([0.13699768]), array([0.06167136]))"
(0.16071567258824104+0j),[0.27538187],[1.],[-0.60076789],[1.],"(array([0.15151394]), array([0.21035967]))","(array([0.13656812]), array([0.06116732]))","(array([0.13607067]), array([0.06127665]))","(array([0.13663162]), array([0.06145068]))","(array([0.13699768]), array([0.06167136]))","(array([0.13650446]), array([0.06194497]))"
(0.16537208401437944+0j),[0.27658206],[1.],[-0.60946746],[1.],"(array([0.15087309]), array([0.21044032]))","(array([0.13607067]), array([0.06127665]))","(array([0.13663162]), array([0.06145068]))","(array([0.13699768]), array([0.06167136]))","(array([0.13650446]), array([0.06194497]))","(array([0.13642693]), array([0.06224799]))"
(0.15242901400988518+0j),[0.27782144],[1.],[-0.5787376],[1.],"(array([0.14891023]), array([0.20852518]))","(array([0.13663162]), array([0.06145068]))","(array([0.13699768]), array([0.06167136]))","(array([0.13650446]), array([0.06194497]))","(array([0.13642693]), array([0.06224799]))","(array([0.13394088]), array([0.06250481]))"
(0.15499779262345986+0j),[0.27937976],[1.],[-0.58439991],[1.],"(array([0.14777038]), array([0.20641714]))","(array([0.13699768]), array([0.06167136]))","(array([0.13650446]), array([0.06194497]))","(array([0.13642693]), array([0.06224799]))","(array([0.13394088]), array([0.06250481]))","(array([0.13111421]), array([0.06283673]))"
(0.15297229977191787+0j),[0.28091869],[1.],[-0.579054],[1.],"(array([0.14785287]), array([0.20683583]))","(array([0.13650446]), array([0.06194497]))","(array([0.13642693]), array([0.06224799]))","(array([0.13394088]), array([0.06250481]))","(array([0.13111421]), array([0.06283673]))","(array([0.13114388]), array([0.06318131]))"
(0.1441245157254868+0j),[0.28253896],[1.],[-0.55728872],[1.],"(array([0.14553043]), array([0.20463931]))","(array([0.13642693]), array([0.06224799]))","(array([0.13394088]), array([0.06250481]))","(array([0.13111421]), array([0.06283673]))","(array([0.13114388]), array([0.06318131]))","(array([0.12809001]), array([0.06353042]))"
(0.12438262466173601+0j),[0.28485535],[1.],[-0.50454546],[1.],"(array([0.14089587]), array([0.19791355]))","(array([0.13394088]), array([0.06250481]))","(array([0.13111421]), array([0.06283673]))","(array([0.13114388]), array([0.06318131]))","(array([0.12809001]), array([0.06353042]))","(array([0.11972433]), array([0.06396252]))"
(0.11680428556690535+0j),[0.28715921],[1.],[-0.48448419],[1.],"(array([0.13382894]), array([0.19130385]))","(array([0.13111421]), array([0.06283673]))","(array([0.13114388]), array([0.06318131]))","(array([0.12809001]), array([0.06353042]))","(array([0.11972433]), array([0.06396252]))","(array([0.11148731]), array([0.06449645]))"
(0.10817608203800676+0j),[0.28909526],[1.],[-0.460192],[1.],"(array([0.12809141]), array([0.18754641]))","(array([0.13114388]), array([0.06318131]))","(array([0.12809001]), array([0.06353042]))","(array([0.11972433]), array([0.06396252]))","(array([0.11148731]), array([0.06449645]))","(array([0.10649039]), array([0.06497265]))"
(0.1111345616978229+0j),[0.29107836],[1.],[-0.47379493],[1.],"(array([0.12712683]), array([0.18707728]))","(array([0.12809001]), array([0.06353042]))","(array([0.11972433]), array([0.06396252]))","(array([0.11148731]), array([0.06449645]))","(array([0.10649039]), array([0.06497265]))","(array([0.10528858]), array([0.06542685]))"
(0.11779769159465077+0j),[0.29194452],[1.],[-0.49787645],[1.],"(array([0.12592114]), array([0.19127553]))","(array([0.11972433]), array([0.06396252]))","(array([0.11148731]), array([0.06449645]))","(array([0.10649039]), array([0.06497265]))","(array([0.10528858]), array([0.06542685]))","(array([0.10954613]), array([0.06575084]))"
(0.12189970572468779+0j),[0.29049567],[1.],[-0.51317101],[1.],"(array([0.11983236]), array([0.19551012]))","(array([0.11148731]), array([0.06449645]))","(array([0.10649039]), array([0.06497265]))","(array([0.10528858]), array([0.06542685]))","(array([0.10954613]), array([0.06575084]))","(array([0.11397765]), array([0.06568025]))"
(0.11868565776800154+0j),[0.28723139],[1.],[-0.50722732],[1.],"(array([0.11258584]), array([0.19667944]))","(array([0.10649039]), array([0.06497265]))","(array([0.10528858]), array([0.06542685]))","(array([0.10954613]), array([0.06575084]))","(array([0.11397765]), array([0.06568025]))","(array([0.11502318]), array([0.06514012]))"
(0.12091128882532723+0j),[0.28306643],[1.],[-0.51780766],[1.],"(array([0.10857507]), array([0.1971958]))","(array([0.10528858]), array([0.06542685]))","(array([0.10954613]), array([0.06575084]))","(array([0.11397765]), array([0.06568025]))","(array([0.11502318]), array([0.06514012]))","(array([0.11555107]), array([0.06430617]))"
(0.11978913700786825+0j),[0.27884835],[1.],[-0.51828135],[1.],"(array([0.1088156]), array([0.19825164]))","(array([0.10954613]), array([0.06575084]))","(array([0.11397765]), array([0.06568025]))","(array([0.11502318]), array([0.06514012]))","(array([0.11555107]), array([0.06430617]))","(array([0.11679328]), array([0.06335786]))"
(0.12103535389871305+0j),[0.27577049],[1.],[-0.52491918],[1.],"(array([0.11418526]), array([0.19886214]))","(array([0.11397765]), array([0.06568025]))","(array([0.11502318]), array([0.06514012]))","(array([0.11555107]), array([0.06430617]))","(array([0.11679328]), array([0.06335786]))","(array([0.11759745]), array([0.062538]))"
(0.12045464680269902+0j),[0.27381648],[1.],[-0.52547966],[1.],"(array([0.11951335]), array([0.19920853]))","(array([0.11502318]), array([0.06514012]))","(array([0.11555107]), array([0.06430617]))","(array([0.11679328]), array([0.06335786]))","(array([0.11759745]), array([0.062538]))","(array([0.11840685]), array([0.06197004]))"
(0.12152653698327881+0j),[0.27221308],[1.],[-0.53043322],[1.],"(array([0.12121673]), array([0.19900868]))","(array([0.11555107]), array([0.06430617]))","(array([0.11679328]), array([0.06335786]))","(array([0.11759745]), array([0.062538]))","(array([0.11840685]), array([0.06197004]))","(array([0.11903045]), array([0.06157048]))"
(0.11912792042133281+0j),[0.2708982],[1.],[-0.5252112],[1.],"(array([0.12201568]), array([0.19798012]))","(array([0.11679328]), array([0.06335786]))","(array([0.11759745]), array([0.062538]))","(array([0.11840685]), array([0.06197004]))","(array([0.11903045]), array([0.06157048]))","(array([0.11899744]), array([0.06123842]))"
(0.11903077164630001+0j),[0.27004201],[1.],[-0.52638921],[1.],"(array([0.12324109]), array([0.19651727]))","(array([0.11759745]), array([0.062538]))","(array([0.11840685]), array([0.06197004]))","(array([0.11903045]), array([0.06157048]))","(array([0.11899744]), array([0.06123842]))","(array([0.11854343]), array([0.06099571]))"
(0.11618284386265629+0j),[0.26953525],[1.],[-0.51938662],[1.],"(array([0.12385138]), array([0.19504959]))","(array([0.11840685]), array([0.06197004]))","(array([0.11903045]), array([0.06157048]))","(array([0.11899744]), array([0.06123842]))","(array([0.11854343]), array([0.06099571]))","(array([0.11788545]), array([0.06083971]))"
(0.1197897364825269+0j),[0.26926004],[1.],[-0.53090226],[1.],"(array([0.12499038]), array([0.19488732]))","(array([0.11903045]), array([0.06157048]))","(array([0.11899744]), array([0.06123842]))","(array([0.11854343]), array([0.06099571]))","(array([0.11788545]), array([0.06083971]))","(array([0.11840161]), array([0.0607571]))"
(0.12303263913223349+0j),[0.26901916],[1.],[-0.54055274],[1.],"(array([0.12685724]), array([0.19652403]))","(array([0.11899744]), array([0.06123842]))","(array([0.11854343]), array([0.06099571]))","(array([0.11788545]), array([0.06083971]))","(array([0.11840161]), array([0.0607571]))","(array([0.1207867]), array([0.06069855]))"
(0.12636898666244223+0j),[0.26866201],[1.],[-0.54984557],[1.],"(array([0.12795038]), array([0.19800758]))","(array([0.11854343]), array([0.06099571]))","(array([0.11788545]), array([0.06083971]))","(array([0.11840161]), array([0.0607571]))","(array([0.1207867]), array([0.06069855]))","(array([0.12292215]), array([0.06063107]))"
(0.12341915896541004+0j),[0.26823858],[1.],[-0.54186852],[1.],"(array([0.12764812]), array([0.19784072]))","(array([0.11788545]), array([0.06083971]))","(array([0.11840161]), array([0.0607571]))","(array([0.1207867]), array([0.06069855]))","(array([0.12292215]), array([0.06063107]))","(array([0.12306369]), array([0.06053757]))"
(0.12794050824427108+0j),[0.2676695],[1.],[-0.55433943],[1.],"(array([0.12733969]), array([0.19807854]))","(array([0.11840161]), array([0.0607571]))","(array([0.1207867]), array([0.06069855]))","(array([0.12292215]), array([0.06063107]))","(array([0.12306369]), array([0.06053757]))","(array([0.12357956]), array([0.06043178]))"
(0.13464232551776065+0j),[0.26700865],[1.],[-0.57144982],[1.],"(array([0.12964426]), array([0.20081957]))","(array([0.1207867]), array([0.06069855]))","(array([0.12292215]), array([0.06063107]))","(array([0.12306369]), array([0.06053757]))","(array([0.12357956]), array([0.06043178]))","(array([0.12691914]), array([0.06029477]))"
(0.13962830059101808+0j),[0.26664255],[1.],[-0.58283838],[1.],"(array([0.13373421]), array([0.2034804]))","(array([0.12292215]), array([0.06063107]))","(array([0.12306369]), array([0.06053757]))","(array([0.12357956]), array([0.06043178]))","(array([0.12691914]), array([0.06029477]))","(array([0.13012664]), array([0.060178]))"
(0.1365416847081442+0j),[0.26671522],[1.],[-0.57381798],[1.],"(array([0.13603191]), array([0.20361501]))","(array([0.12306369]), array([0.06053757]))","(array([0.12357956]), array([0.06043178]))","(array([0.12691914]), array([0.06029477]))","(array([0.13012664]), array([0.060178]))","(array([0.13038273]), array([0.06013853]))"
(0.1413545919119291+0j),[0.26676167],[1.],[-0.58458042],[1.],"(array([0.13625911]), array([0.20371044]))","(array([0.12357956]), array([0.06043178]))","(array([0.12691914]), array([0.06029477]))","(array([0.13012664]), array([0.060178]))","(array([0.13038273]), array([0.06013853]))","(array([0.13058921]), array([0.06015883]))"
(0.14099366185511092+0j),[0.26681584],[1.],[-0.58235102],[1.],"(array([0.13724549]), array([0.2044334]))","(array([0.12691914]), array([0.06029477]))","(array([0.13012664]), array([0.060178]))","(array([0.13038273]), array([0.06013853]))","(array([0.13058921]), array([0.06015883]))","(array([0.13154219]), array([0.0601657]))"
(0.14345720465967451+0j),[0.26754935],[1.],[-0.58676186],[1.],"(array([0.14063004]), array([0.20455837]))","(array([0.13012664]), array([0.060178]))","(array([0.13038273]), array([0.06013853]))","(array([0.13058921]), array([0.06015883]))","(array([0.13154219]), array([0.0601657]))","(array([0.13179156]), array([0.06025776]))"
(0.14237346219836627+0j),[0.26891829],[1.],[-0.58226494],[1.],"(array([0.14362705]), array([0.20454635]))","(array([0.13038273]), array([0.06013853]))","(array([0.13058921]), array([0.06015883]))","(array([0.13154219]), array([0.0601657]))","(array([0.13179156]), array([0.06025776]))","(array([0.131777]), array([0.06049242]))"
(0.14895266843478555+0j),[0.27011559],[1.],[-0.5961161],[1.],"(array([0.14416039]), array([0.20558001]))","(array([0.13058921]), array([0.06015883]))","(array([0.13154219]), array([0.0601657]))","(array([0.13179156]), array([0.06025776]))","(array([0.131777]), array([0.06049242]))","(array([0.13284502]), array([0.06078889]))"
(0.14943139093861613+0j),[0.27111256],[1.],[-0.59510374],[1.],"(array([0.14487471]), array([0.20696341]))","(array([0.13154219]), array([0.0601657]))","(array([0.13179156]), array([0.06025776]))","(array([0.131777]), array([0.06049242]))","(array([0.13284502]), array([0.06078889]))","(array([0.13427943]), array([0.06103063]))"
(0.15622509543303054+0j),[0.27207053],[1.],[-0.60840261],[1.],"(array([0.14633015]), array([0.2082937]))","(array([0.13179156]), array([0.06025776]))","(array([0.131777]), array([0.06049242]))","(array([0.13284502]), array([0.06078889]))","(array([0.13427943]), array([0.06103063]))","(array([0.1356768]), array([0.0612572]))"
(0.15674751031752676+0j),[0.27283251],[1.],[-0.6070759],[1.],"(array([0.14708465]), array([0.20963689]))","(array([0.131777]), array([0.06049242]))","(array([0.13284502]), array([0.06078889]))","(array([0.13427943]), array([0.06103063]))","(array([0.1356768]), array([0.0612572]))","(array([0.13701287]), array([0.0614453]))"
(0.16167951482770535+0j),[0.27338001],[1.],[-0.61557525],[1.],"(array([0.14734662]), array([0.21065423]))","(array([0.13284502]), array([0.06078889]))","(array([0.13427943]), array([0.06103063]))","(array([0.1356768]), array([0.0612572]))","(array([0.13701287]), array([0.0614453]))","(array([0.13782898]), array([0.06159716]))"
(0.1607525436450036+0j),[0.27401162],[1.],[-0.61101941],[1.],"(array([0.14852114]), array([0.2113906]))","(array([0.13427943]), array([0.06103063]))","(array([0.1356768]), array([0.0612572]))","(array([0.13701287]), array([0.0614453]))","(array([0.13782898]), array([0.06159716]))","(array([0.13826318]), array([0.06172485]))"
(0.16680805789037303+0j),[0.27476335],[1.],[-0.62160503],[1.],"(array([0.15016006]), array([0.212313]))","(array([0.1356768]), array([0.0612572]))","(array([0.13701287]), array([0.0614453]))","(array([0.13782898]), array([0.06159716]))","(array([0.13826318]), array([0.06172485]))","(array([0.13895495]), array([0.06188809]))"
(0.16345112353821806+0j),[0.27569755],[1.],[-0.61170907],[1.],"(array([0.15143178]), array([0.21268468]))","(array([0.13701287]), array([0.0614453]))","(array([0.13782898]), array([0.06159716]))","(array([0.13826318]), array([0.06172485]))","(array([0.13895495]), array([0.06188809]))","(array([0.13901775]), array([0.06206944]))"
(0.1625204133958052+0j),[0.27696226],[1.],[-0.60740652],[1.],"(array([0.1517511]), array([0.21161358]))","(array([0.13782898]), array([0.06159716]))","(array([0.13826318]), array([0.06172485]))","(array([0.13895495]), array([0.06188809]))","(array([0.13901775]), array([0.06206944]))","(array([0.13741886]), array([0.0623204]))"
(0.15336873721190988+0j),[0.27859969],[1.],[-0.58482515],[1.],"(array([0.15077596]), array([0.20930128]))","(array([0.13826318]), array([0.06172485]))","(array([0.13895495]), array([0.06188809]))","(array([0.13901775]), array([0.06206944]))","(array([0.13741886]), array([0.0623204]))","(array([0.13438916]), array([0.06263957]))"
(0.15266636646811524+0j),[0.28048796],[1.],[-0.58215783],[1.],"(array([0.1494351]), array([0.20716759]))","(array([0.13895495]), array([0.06188809]))","(array([0.13901775]), array([0.06206944]))","(array([0.13741886]), array([0.0623204]))","(array([0.13438916]), array([0.06263957]))","(array([0.13154322]), array([0.06304615]))"
(0.14579444098357508+0j),[0.28264624],[1.],[-0.56471229],[1.],"(array([0.14860298]), array([0.2055915]))","(array([0.13901775]), array([0.06206944]))","(array([0.13741886]), array([0.0623204]))","(array([0.13438916]), array([0.06263957]))","(array([0.13154322]), array([0.06304615]))","(array([0.12927495]), array([0.06349621]))"
(0.14998892883415765+0j),[0.28476011],[1.],[-0.57454302],[1.],"(array([0.147814]), array([0.20528454]))","(array([0.13741886]), array([0.0623204]))","(array([0.13438916]), array([0.06263957]))","(array([0.13154322]), array([0.06304615]))","(array([0.12927495]), array([0.06349621]))","(array([0.12842618]), array([0.06398974]))"
(0.14432964088330294+0j),[0.28641187],[1.],[-0.56015068],[1.],"(array([0.14559477]), array([0.20528868]))","(array([0.13438916]), array([0.06263957]))","(array([0.13154322]), array([0.06304615]))","(array([0.12927495]), array([0.06349621]))","(array([0.12842618]), array([0.06398974]))","(array([0.12790223]), array([0.06440355]))"
(0.14883953890282975+0j),[0.28725875],[1.],[-0.57145767],[1.],"(array([0.14214405]), array([0.20546174]))","(array([0.13154322]), array([0.06304615]))","(array([0.12927495]), array([0.06349621]))","(array([0.12842618]), array([0.06398974]))","(array([0.12790223]), array([0.06440355]))","(array([0.12756522]), array([0.06469513]))"
(0.14483173603134872+0j),[0.28736595],[1.],[-0.56177247],[1.],"(array([0.1392993]), array([0.20606649]))","(array([0.12927495]), array([0.06349621]))","(array([0.12842618]), array([0.06398974]))","(array([0.12790223]), array([0.06440355]))","(array([0.12756522]), array([0.06469513]))","(array([0.12773743]), array([0.06479316]))"
(0.15057040335647814+0j),[0.28687008],[1.],[-0.576418],[1.],"(array([0.13734739]), array([0.20699526]))","(array([0.12842618]), array([0.06398974]))","(array([0.12790223]), array([0.06440355]))","(array([0.12756522]), array([0.06469513]))","(array([0.12773743]), array([0.06479316]))","(array([0.12831023]), array([0.06475855]))"
(0.14916984888202978+0j),[0.28608336],[1.],[-0.57330189],[1.],"(array([0.13727366]), array([0.2085273]))","(array([0.12790223]), array([0.06440355]))","(array([0.12756522]), array([0.06469513]))","(array([0.12773743]), array([0.06479316]))","(array([0.12831023]), array([0.06475855]))","(array([0.12959713]), array([0.06460657]))"
(0.1551707613162381+0j),[0.28507543],[1.],[-0.58780729],[1.],"(array([0.13756716]), array([0.20996652]))","(array([0.12756522]), array([0.06469513]))","(array([0.12773743]), array([0.06479316]))","(array([0.12831023]), array([0.06475855]))","(array([0.12959713]), array([0.06460657]))","(array([0.1308939]), array([0.06441137]))"
(0.15509429066808514+0j),[0.2838888],[1.],[-0.5875224],[1.],"(array([0.13824506]), array([0.21150897]))","(array([0.12773743]), array([0.06479316]))","(array([0.12831023]), array([0.06475855]))","(array([0.12959713]), array([0.06460657]))","(array([0.1308939]), array([0.06441137]))","(array([0.13248465]), array([0.06415783]))"
(0.15515861418158558+0j),[0.28279068],[1.],[-0.58762537],[1.],"(array([0.13862995]), array([0.21146076]))","(array([0.12831023]), array([0.06475855]))","(array([0.12959713]), array([0.06460657]))","(array([0.1308939]), array([0.06441137]))","(array([0.13248465]), array([0.06415783]))","(array([0.13246432]), array([0.06390055]))"
(0.14326580238888836+0j),[0.28219669],[1.],[-0.55913173],[1.],"(array([0.13778021]), array([0.20855769]))","(array([0.12959713]), array([0.06460657]))","(array([0.1308939]), array([0.06441137]))","(array([0.13248465]), array([0.06415783]))","(array([0.13246432]), array([0.06390055]))","(array([0.12926882]), array([0.06369826]))"
(0.14385844556574592+0j),[0.28221482],[1.],[-0.56166257],[1.],"(array([0.13764738]), array([0.20584241]))","(array([0.1308939]), array([0.06441137]))","(array([0.13248465]), array([0.06415783]))","(array([0.13246432]), array([0.06390055]))","(array([0.12926882]), array([0.06369826]))","(array([0.1263391]), array([0.06364616]))"
(0.14531702929573023+0j),[0.28249984],[1.],[-0.56597098],[1.],"(array([0.13929965]), array([0.20633348]))","(array([0.13248465]), array([0.06415783]))","(array([0.13246432]), array([0.06390055]))","(array([0.12926882]), array([0.06369826]))","(array([0.1263391]), array([0.06364616]))","(array([0.12711119]), array([0.0636814]))"
(0.15156198129727472+0j),[0.28295384],[1.],[-0.58120353],[1.],"(array([0.14192026]), array([0.20804059]))","(array([0.13246432]), array([0.06390055]))","(array([0.12926882]), array([0.06369826]))","(array([0.1263391]), array([0.06364616]))","(array([0.12711119]), array([0.0636814]))","(array([0.12932411]), array([0.06376986]))"
(0.15134427947751974+0j),[0.28323845],[1.],[-0.58024725],[1.],"(array([0.14263163]), array([0.20920412]))","(array([0.12926882]), array([0.06369826]))","(array([0.1263391]), array([0.06364616]))","(array([0.12711119]), array([0.0636814]))","(array([0.12932411]), array([0.06376986]))","(array([0.13092041]), array([0.06384659]))"
(0.15796937982842307+0j),[0.28260369],[1.],[-0.59540433],[1.],"(array([0.14027257]), array([0.21038304]))","(array([0.1263391]), array([0.06364616]))","(array([0.12711119]), array([0.0636814]))","(array([0.12932411]), array([0.06376986]))","(array([0.13092041]), array([0.06384659]))","(array([0.13253482]), array([0.06381284]))"
(0.15357500885021047+0j),[0.28129708],[1.],[-0.58501941],[1.],"(array([0.13780331]), array([0.21066748]))","(array([0.12711119]), array([0.0636814]))","(array([0.12932411]), array([0.06376986]))","(array([0.13092041]), array([0.06384659]))","(array([0.13253482]), array([0.06381284]))","(array([0.13305649]), array([0.0635823]))"
(0.15806311415514462+0j),[0.28023739],[1.],[-0.59533887],[1.],"(array([0.13880043]), array([0.21057634]))","(array([0.12932411]), array([0.06376986]))","(array([0.13092041]), array([0.06384659]))","(array([0.13253482]), array([0.06381284]))","(array([0.13305649]), array([0.0635823]))","(array([0.13305961]), array([0.06332422]))"
(0.1593911998078128+0j),[0.27959332],[1.],[-0.5977613],[1.],"(array([0.14189669]), array([0.21180572]))","(array([0.13092041]), array([0.06384659]))","(array([0.13253482]), array([0.06381284]))","(array([0.13305649]), array([0.0635823]))","(array([0.13305961]), array([0.06332422]))","(array([0.13448935]), array([0.06312967]))"
(0.16413606795803765+0j),[0.27917945],[1.],[-0.60741749],[1.],"(array([0.14427688]), array([0.21300927]))","(array([0.13253482]), array([0.06381284]))","(array([0.13305649]), array([0.0635823]))","(array([0.13305961]), array([0.06332422]))","(array([0.13448935]), array([0.06312967]))","(array([0.13585716]), array([0.06301423]))"
(0.15997498601388668+0j),[0.27914564],[1.],[-0.59702815],[1.],"(array([0.14589501]), array([0.21286443]))","(array([0.13305649]), array([0.0635823]))","(array([0.13305961]), array([0.06332422]))","(array([0.13448935]), array([0.06312967]))","(array([0.13585716]), array([0.06301423]))","(array([0.13576277]), array([0.06295545]))"
(0.16250738137256085+0j),[0.27926395],[1.],[-0.60184866],[1.],"(array([0.14609202]), array([0.21210443]))","(array([0.13305961]), array([0.06332422]))","(array([0.13448935]), array([0.06312967]))","(array([0.13585716]), array([0.06301423]))","(array([0.13576277]), array([0.06295545]))","(array([0.13514193]), array([0.06297192]))"
(0.16346780931125304+0j),[0.27929468],[1.],[-0.60300052],[1.],"(array([0.14641721]), array([0.21243439]))","(array([0.13448935]), array([0.06312967]))","(array([0.13585716]), array([0.06301423]))","(array([0.13576277]), array([0.06295545]))","(array([0.13514193]), array([0.06297192]))","(array([0.13581223]), array([0.06298698]))"
(0.16647584240013863+0j),[0.27954969],[1.],[-0.60840029],[1.],"(array([0.14818773]), array([0.21289953]))","(array([0.13585716]), array([0.06301423]))","(array([0.13576277]), array([0.06295545]))","(array([0.13514193]), array([0.06297192]))","(array([0.13581223]), array([0.06298698]))","(array([0.13655394]), array([0.06302171]))"
(0.1617905200410999+0j),[0.28016177],[1.],[-0.59678317],[1.],"(array([0.14912289]), array([0.21221543]))","(array([0.13576277]), array([0.06295545]))","(array([0.13514193]), array([0.06297192]))","(array([0.13581223]), array([0.06298698]))","(array([0.13655394]), array([0.06302171]))","(array([0.1358451]), array([0.06311206]))"
(0.1640970350441347+0j),[0.28076972],[1.],[-0.60104533],[1.],"(array([0.14849185]), array([0.21151689]))","(array([0.13514193]), array([0.06297192]))","(array([0.13581223]), array([0.06298698]))","(array([0.13655394]), array([0.06302171]))","(array([0.1358451]), array([0.06311206]))","(array([0.13502275]), array([0.06325696]))"
(0.16086730135714122+0j),[0.2812257],[1.],[-0.59302176],[1.],"(array([0.14755713]), array([0.21121781]))","(array([0.13581223]), array([0.06298698]))","(array([0.13655394]), array([0.06302171]))","(array([0.1358451]), array([0.06311206]))","(array([0.13502275]), array([0.06325696]))","(array([0.13459251]), array([0.06337099]))"
(0.1637451260168169+0j),[0.28182006],[1.],[-0.5988312],[1.],"(array([0.14799797]), array([0.21108546]))","(array([0.13655394]), array([0.06302171]))","(array([0.1358451]), array([0.06311206]))","(array([0.13502275]), array([0.06325696]))","(array([0.13459251]), array([0.06337099]))","(array([0.13435014]), array([0.06349601]))"
(0.1595022247527483+0j),[0.28259897],[1.],[-0.58850221],[1.],"(array([0.14835325]), array([0.21074625]))","(array([0.1358451]), array([0.06311206]))","(array([0.13502275]), array([0.06325696]))","(array([0.13459251]), array([0.06337099]))","(array([0.13435014]), array([0.06349601]))","(array([0.13383305]), array([0.0636437]))"
(0.16250333741676112+0j),[0.28318723],[1.],[-0.59490655],[1.],"(array([0.14728719]), array([0.21054118]))","(array([0.13502275]), array([0.06325696]))","(array([0.13459251]), array([0.06337099]))","(array([0.13435014]), array([0.06349601]))","(array([0.13383305]), array([0.0636437]))","(array([0.13339862]), array([0.06380536]))"
(0.16450651688303425+0j),[0.28341111],[1.],[-0.59879884],[1.],"(array([0.14696596]), array([0.21173439]))","(array([0.13459251]), array([0.06337099]))","(array([0.13435014]), array([0.06349601]))","(array([0.13383305]), array([0.0636437]))","(array([0.13339862]), array([0.06380536]))","(array([0.13455707]), array([0.06389552]))"
(0.16664981615625618+0j),[0.28339803],[1.],[-0.6028292],[1.],"(array([0.14696164]), array([0.21263376]))","(array([0.13435014]), array([0.06349601]))","(array([0.13383305]), array([0.0636437]))","(array([0.13339862]), array([0.06380536]))","(array([0.13455707]), array([0.06389552]))","(array([0.13545016]), array([0.06391935]))"
(0.16260305342292397+0j),[0.28338084],[1.],[-0.59324107],[1.],"(array([0.14641146]), array([0.2122059]))","(array([0.13383305]), array([0.0636437]))","(array([0.13339862]), array([0.06380536]))","(array([0.13455707]), array([0.06389552]))","(array([0.13545016]), array([0.06391935]))","(array([0.13481741]), array([0.06390946]))"
(0.1622208868003176+0j),[0.28334696],[1.],[-0.59223136],[1.],"(array([0.14530013]), array([0.21132049]))","(array([0.13339862]), array([0.06380536]))","(array([0.13455707]), array([0.06389552]))","(array([0.13545016]), array([0.06391935]))","(array([0.13481741]), array([0.06390946]))","(array([0.1336256]), array([0.06390755]))"
(0.16453289960811007+0j),[0.28315713],[1.],[-0.59729497],[1.],"(array([0.14511567]), array([0.21186984]))","(array([0.13455707]), array([0.06389552]))","(array([0.13545016]), array([0.06391935]))","(array([0.13481741]), array([0.06390946]))","(array([0.1336256]), array([0.06390755]))","(array([0.13408637]), array([0.0638849]))"
(0.16558142060609254+0j),[0.28315433],[1.],[-0.59919518],[1.],"(array([0.14668502]), array([0.21262643]))","(array([0.13545016]), array([0.06391935]))","(array([0.13481741]), array([0.06390946]))","(array([0.1336256]), array([0.06390755]))","(array([0.13408637]), array([0.0638849]))","(array([0.13486896]), array([0.06386227]))"
(0.15889430312334424+0j),[0.28351949],[1.],[-0.58375407],[1.],"(array([0.14678429]), array([0.2113416]))","(array([0.13481741]), array([0.06390946]))","(array([0.1336256]), array([0.06390755]))","(array([0.13408637]), array([0.0638849]))","(array([0.13486896]), array([0.06386227]))","(array([0.13333866]), array([0.06389541]))"
(0.16196162524805574+0j),[0.28380336],[1.],[-0.59094518],[1.],"(array([0.14561837]), array([0.2105749]))","(array([0.1336256]), array([0.06390755]))","(array([0.13408637]), array([0.0638849]))","(array([0.13486896]), array([0.06386227]))","(array([0.13333866]), array([0.06389541]))","(array([0.1324167]), array([0.06397876]))"
(0.1651209792225208+0j),[0.28362142],[1.],[-0.59794981],[1.],"(array([0.14521701]), array([0.2119642]))","(array([0.13408637]), array([0.0638849]))","(array([0.13486896]), array([0.06386227]))","(array([0.13333866]), array([0.06389541]))","(array([0.1324167]), array([0.06397876]))","(array([0.13401676]), array([0.0639898]))"
(0.16681188518393256+0j),[0.28343176],[1.],[-0.60126774],[1.],"(array([0.14629558]), array([0.21292491]))","(array([0.13486896]), array([0.06386227]))","(array([0.13333866]), array([0.06389541]))","(array([0.1324167]), array([0.06397876]))","(array([0.13401676]), array([0.0639898]))","(array([0.13517729]), array([0.06394644]))"
(0.1623860815474049+0j),[0.28351663],[1.],[-0.5909873],[1.],"(array([0.14669852]), array([0.21220896]))","(array([0.13333866]), array([0.06389541]))","(array([0.1324167]), array([0.06397876]))","(array([0.13401676]), array([0.0639898]))","(array([0.13517729]), array([0.06394644]))","(array([0.13438698]), array([0.06392857]))"
(0.16617796163918397+0j),[0.28324155],[1.],[-0.59945269],[1.],"(array([0.1450823]), array([0.21206672]))","(array([0.1324167]), array([0.06397876]))","(array([0.13401676]), array([0.0639898]))","(array([0.13517729]), array([0.06394644]))","(array([0.13438698]), array([0.06392857]))","(array([0.13419218]), array([0.06391531]))"
(0.16205665087492158+0j),[0.28277999],[1.],[-0.59021402],[1.],"(array([0.14419128]), array([0.21202052]))","(array([0.13401676]), array([0.0639898]))","(array([0.13517729]), array([0.06394644]))","(array([0.13438698]), array([0.06392857]))","(array([0.13419218]), array([0.06391531]))","(array([0.13409543]), array([0.0638237]))"
(0.16598591066073023+0j),[0.28272553],[1.],[-0.5990087],[1.],"(array([0.1458139]), array([0.21197196]))","(array([0.13517729]), array([0.06394644]))","(array([0.13438698]), array([0.06392857]))","(array([0.13419218]), array([0.06391531]))","(array([0.13409543]), array([0.0638237]))","(array([0.13405514]), array([0.06377438]))"
(0.16480023550882367+0j),[0.28287686],[1.],[-0.59599889],[1.],"(array([0.14729112]), array([0.21248908]))","(array([0.13438698]), array([0.06392857]))","(array([0.13419218]), array([0.06391531]))","(array([0.13409543]), array([0.0638237]))","(array([0.13405514]), array([0.06377438]))","(array([0.13469884]), array([0.06378037]))"
(0.16556850429664446+0j),[0.28283702],[1.],[-0.59751125],[1.],"(array([0.14640514]), array([0.21233438]))","(array([0.13419218]), array([0.06391531]))","(array([0.13409543]), array([0.0638237]))","(array([0.13405514]), array([0.06377438]))","(array([0.13469884]), array([0.06378037]))","(array([0.1345325]), array([0.06379481]))"
(0.1644225663748442+0j),[0.28277144],[1.],[-0.59479374],[1.],"(array([0.14615335]), array([0.2121944]))","(array([0.13409543]), array([0.0638237]))","(array([0.13405514]), array([0.06377438]))","(array([0.13469884]), array([0.06378037]))","(array([0.1345325]), array([0.06379481]))","(array([0.13439427]), array([0.06378078]))"
(0.16357715347548152+0j),[0.28273759],[1.],[-0.59287649],[1.],"(array([0.14580502]), array([0.21164537]))","(array([0.13405514]), array([0.06377438]))","(array([0.13469884]), array([0.06378037]))","(array([0.1345325]), array([0.06379481]))","(array([0.13439427]), array([0.06378078]))","(array([0.13387233]), array([0.06376997]))"
(0.16031922342812785+0j),[0.28281982],[1.],[-0.58563635],[1.],"(array([0.14524532]), array([0.21070218]))","(array([0.13469884]), array([0.06378037]))","(array([0.1345325]), array([0.06379481]))","(array([0.13439427]), array([0.06378078]))","(array([0.13387233]), array([0.06376997]))","(array([0.13283849]), array([0.06377284]))"
(0.16104668827231006+0j),[0.28311802],[1.],[-0.58759272],[1.],"(array([0.14555212]), array([0.21021939]))","(array([0.1345325]), array([0.06379481]))","(array([0.13439427]), array([0.06378078]))","(array([0.13387233]), array([0.06376997]))","(array([0.13283849]), array([0.06377284]))","(array([0.13224676]), array([0.06382024]))"
(0.1597508640710128+0j),[0.28338072],[1.],[-0.58486856],[1.],"(array([0.14528847]), array([0.21018741]))","(array([0.13439427]), array([0.06378078]))","(array([0.13387233]), array([0.06376997]))","(array([0.13283849]), array([0.06377284]))","(array([0.13224676]), array([0.06382024]))","(array([0.1321579]), array([0.06388128]))"
(0.15976619783054274+0j),[0.28363394],[1.],[-0.58521826],[1.],"(array([0.14496564]), array([0.20997269]))","(array([0.13387233]), array([0.06376997]))","(array([0.13283849]), array([0.06377284]))","(array([0.13224676]), array([0.06382024]))","(array([0.1321579]), array([0.06388128]))","(array([0.13189179]), array([0.06394082]))"
(0.15400354573014116+0j),[0.28391411],[1.],[-0.57220259],[1.],"(array([0.14368189]), array([0.20875029]))","(array([0.13283849]), array([0.06377284]))","(array([0.13224676]), array([0.06382024]))","(array([0.1321579]), array([0.06388128]))","(array([0.13189179]), array([0.06394082]))","(array([0.13046158]), array([0.06399478]))"
(0.15804189701373897+0j),[0.28397916],[1.],[-0.58258382],[1.],"(array([0.14246229]), array([0.20852917]))","(array([0.13224676]), array([0.06382024]))","(array([0.1321579]), array([0.06388128]))","(array([0.13189179]), array([0.06394082]))","(array([0.13046158]), array([0.06399478]))","(array([0.13017476]), array([0.06404367]))"
(0.15977374010000178+0j),[0.28375047],[1.],[-0.58702482],[1.],"(array([0.14272189]), array([0.21000877]))","(array([0.1321579]), array([0.06388128]))","(array([0.13189179]), array([0.06394082]))","(array([0.13046158]), array([0.06399478]))","(array([0.13017476]), array([0.06404367]))","(array([0.13184076]), array([0.06402247]))"
(0.16453325183227718+0j),[0.28333891],[1.],[-0.5978826],[1.],"(array([0.14355818]), array([0.21153381]))","(array([0.13189179]), array([0.06394082]))","(array([0.13046158]), array([0.06399478]))","(array([0.13017476]), array([0.06404367]))","(array([0.13184076]), array([0.06402247]))","(array([0.13357122]), array([0.06395326]))"
(0.16191451295870157+0j),[0.28283253],[1.],[-0.59188622],[1.],"(array([0.14365673]), array([0.21200262]))","(array([0.13046158]), array([0.06399478]))","(array([0.13017476]), array([0.06404367]))","(array([0.13184076]), array([0.06402247]))","(array([0.13357122]), array([0.06395326]))","(array([0.13410795]), array([0.06384209]))"
(0.16103020110648475+0j),[0.28210551],[1.],[-0.59018088],[1.],"(array([0.14191246]), array([0.21123738]))","(array([0.13017476]), array([0.06404367]))","(array([0.13184076]), array([0.06402247]))","(array([0.13357122]), array([0.06395326]))","(array([0.13410795]), array([0.06384209]))","(array([0.13324149]), array([0.0637045]))"
(0.1512787187199996+0j),[0.28164515],[1.],[-0.56799593],[1.],"(array([0.14040392]), array([0.20888425]))","(array([0.13184076]), array([0.06402247]))","(array([0.13357122]), array([0.06395326]))","(array([0.13410795]), array([0.06384209]))","(array([0.13324149]), array([0.0637045]))","(array([0.13055035]), array([0.0635615]))"
(0.1496048081010942+0j),[0.28190436],[1.],[-0.56521156],[1.],"(array([0.1406738]), array([0.20641736]))","(array([0.13357122]), array([0.06395326]))","(array([0.13410795]), array([0.06384209]))","(array([0.13324149]), array([0.0637045]))","(array([0.13055035]), array([0.0635615]))","(array([0.12773427]), array([0.06354776]))"
(0.14754642469116336+0j),[0.28267461],[1.],[-0.56126162],[1.],"(array([0.14192407]), array([0.20574876]))","(array([0.13410795]), array([0.06384209]))","(array([0.13324149]), array([0.0637045]))","(array([0.13055035]), array([0.0635615]))","(array([0.12773427]), array([0.06354776]))","(array([0.12697508]), array([0.06366391]))"
(0.14989676244840516+0j),[0.28352781],[1.],[-0.56801994],[1.],"(array([0.14245929]), array([0.20601057]))","(array([0.13324149]), array([0.0637045]))","(array([0.13055035]), array([0.0635615]))","(array([0.12773427]), array([0.06354776]))","(array([0.12697508]), array([0.06366391]))","(array([0.12729735]), array([0.06385173]))"
(0.14564361359967273+0j),[0.28419452],[1.],[-0.55832602],[1.],"(array([0.14128219]), array([0.20566326]))","(array([0.13055035]), array([0.0635615]))","(array([0.12773427]), array([0.06354776]))","(array([0.12697508]), array([0.06366391]))","(array([0.12729735]), array([0.06385173]))","(array([0.12696039]), array([0.06401588]))"
(0.1462118807977595+0j),[0.28428717],[1.],[-0.56104731],[1.],"(array([0.13812221]), array([0.20488795]))","(array([0.12773427]), array([0.06354776]))","(array([0.12697508]), array([0.06366391]))","(array([0.12729735]), array([0.06385173]))","(array([0.12696039]), array([0.06401588]))","(array([0.12617837]), array([0.06410578]))"
(0.14702511717588385+0j),[0.28369047],[1.],[-0.56444083],[1.],"(array([0.13570084]), array([0.20544272]))","(array([0.12697508]), array([0.06366391]))","(array([0.12729735]), array([0.06385173]))","(array([0.12696039]), array([0.06401588]))","(array([0.12617837]), array([0.06410578]))","(array([0.1268681]), array([0.06404818]))"
(0.15057900059983373+0j),[0.28284146],[1.],[-0.57426182],[1.],"(array([0.13582791]), array([0.20677266]))","(array([0.12729735]), array([0.06385173]))","(array([0.12696039]), array([0.06401588]))","(array([0.12617837]), array([0.06410578]))","(array([0.1268681]), array([0.06404818]))","(array([0.12836242]), array([0.06388755]))"
(0.14417669944522704+0j),[0.28219348],[1.],[-0.55943596],[1.],"(array([0.13601879]), array([0.2063759]))","(array([0.12696039]), array([0.06401588]))","(array([0.12617837]), array([0.06410578]))","(array([0.1268681]), array([0.06404818]))","(array([0.12836242]), array([0.06388755]))","(array([0.12779042]), array([0.06370903]))"
(0.14763400040368466+0j),[0.28156766],[1.],[-0.56931572],[1.],"(array([0.13552303]), array([0.20599717]))","(array([0.12617837]), array([0.06410578]))","(array([0.1268681]), array([0.06404818]))","(array([0.12836242]), array([0.06388755]))","(array([0.12779042]), array([0.06370903]))","(array([0.1272409]), array([0.06357514]))"
(0.14019604084599105+0j),[0.28090219],[1.],[-0.55183403],[1.],"(array([0.13444476]), array([0.20526101]))","(array([0.1268681]), array([0.06404818]))","(array([0.12836242]), array([0.06388755]))","(array([0.12779042]), array([0.06370903]))","(array([0.1272409]), array([0.06357514]))","(array([0.12637733]), array([0.06341866]))"
(0.14087590766075184+0j),[0.28060682],[1.],[-0.55516434],[1.],"(array([0.13442488]), array([0.20377398]))","(array([0.12836242]), array([0.06388755]))","(array([0.12779042]), array([0.06370903]))","(array([0.1272409]), array([0.06357514]))","(array([0.12637733]), array([0.06341866]))","(array([0.12478463]), array([0.06331849]))"
(0.14072800224607523+0j),[0.28067547],[1.],[-0.55595945],[1.],"(array([0.13617381]), array([0.20400219]))","(array([0.12779042]), array([0.06370903]))","(array([0.1272409]), array([0.06357514]))","(array([0.12637733]), array([0.06341866]))","(array([0.12478463]), array([0.06331849]))","(array([0.12524868]), array([0.0632924]))"
(0.14070123968634218+0j),[0.28061495],[1.],[-0.55698006],[1.],"(array([0.13570359]), array([0.20400171]))","(array([0.1272409]), array([0.06357514]))","(array([0.12637733]), array([0.06341866]))","(array([0.12478463]), array([0.06331849]))","(array([0.12524868]), array([0.0632924]))","(array([0.12545374]), array([0.06329331]))"
(0.1329992522116904+0j),[0.28064983],[1.],[-0.53798389],[1.],"(array([0.13415001]), array([0.20210748]))","(array([0.12637733]), array([0.06341866]))","(array([0.12478463]), array([0.06331849]))","(array([0.12524868]), array([0.0632924]))","(array([0.12545374]), array([0.06329331]))","(array([0.12342719]), array([0.06328266]))"
(0.13913175160366342+0j),[0.28052422],[1.],[-0.55572428],[1.],"(array([0.1332196]), array([0.20184126]))","(array([0.12478463]), array([0.06331849]))","(array([0.12524868]), array([0.0632924]))","(array([0.12545374]), array([0.06329331]))","(array([0.12342719]), array([0.06328266]))","(array([0.12329877]), array([0.0632857]))"
(0.14109543333983485+0j),[0.27985288],[1.],[-0.56176514],[1.],"(array([0.13304437]), array([0.20400708]))","(array([0.12524868]), array([0.0632924]))","(array([0.12545374]), array([0.06329331]))","(array([0.12342719]), array([0.06328266]))","(array([0.12329877]), array([0.0632857]))","(array([0.12596992]), array([0.06319111]))"
(0.1471996173747569+0j),[0.27913261],[1.],[-0.57742291],[1.],"(array([0.13486835]), array([0.20603033]))","(array([0.12545374]), array([0.06329331]))","(array([0.12342719]), array([0.06328266]))","(array([0.12329877]), array([0.0632857]))","(array([0.12596992]), array([0.06319111]))","(array([0.1284247]), array([0.06303804]))"
(0.14547105433757115+0j),[0.27839512],[1.],[-0.57330981],[1.],"(array([0.13586601]), array([0.20706061]))","(array([0.12342719]), array([0.06328266]))","(array([0.12329877]), array([0.0632857]))","(array([0.12596992]), array([0.06319111]))","(array([0.1284247]), array([0.06303804]))","(array([0.12971244]), array([0.06286631]))"
(0.14791926606098543+0j),[0.27721942],[1.],[-0.57964409],[1.],"(array([0.13415117]), array([0.2071652]))","(array([0.12329877]), array([0.0632857]))","(array([0.12596992]), array([0.06319111]))","(array([0.1284247]), array([0.06303804]))","(array([0.12971244]), array([0.06286631]))","(array([0.12996811]), array([0.062654]))"
(0.15412309913359107+0j),[0.27588331],[1.],[-0.59430633],[1.],"(array([0.13545268]), array([0.20908472]))","(array([0.12596992]), array([0.06319111]))","(array([0.1284247]), array([0.06303804]))","(array([0.12971244]), array([0.06286631]))","(array([0.12996811]), array([0.062654]))","(array([0.13234286]), array([0.06237383]))"
(0.1584682212037701+0j),[0.27495586],[1.],[-0.60343499],[1.],"(array([0.13968403]), array([0.21117996]))","(array([0.1284247]), array([0.06303804]))","(array([0.12971244]), array([0.06286631]))","(array([0.12996811]), array([0.062654]))","(array([0.13234286]), array([0.06237383]))","(array([0.1350194]), array([0.06211759]))"
(0.15105377307442078+0j),[0.2747112],[1.],[-0.58542145],[1.],"(array([0.14175686]), array([0.21008026]))","(array([0.12971244]), array([0.06286631]))","(array([0.12996811]), array([0.062654]))","(array([0.13234286]), array([0.06237383]))","(array([0.1350194]), array([0.06211759]))","(array([0.13400855]), array([0.06197504]))"
(0.15072016069796623+0j),[0.27495269],[1.],[-0.58420533],[1.],"(array([0.1419557]), array([0.20803623]))","(array([0.12996811]), array([0.062654]))","(array([0.13234286]), array([0.06237383]))","(array([0.1350194]), array([0.06211759]))","(array([0.13400855]), array([0.06197504]))","(array([0.13184265]), array([0.06198194]))"
(0.1443984632401113+0j),[0.27541379],[1.],[-0.56869808],[1.],"(array([0.14120443]), array([0.20622673]))","(array([0.13234286]), array([0.06237383]))","(array([0.1350194]), array([0.06211759]))","(array([0.13400855]), array([0.06197504]))","(array([0.13184265]), array([0.06198194]))","(array([0.12995593]), array([0.06205537]))"
(0.14481620784731192+0j),[0.27656158],[1.],[-0.56971697],[1.],"(array([0.14260065]), array([0.20462855]))","(array([0.1350194]), array([0.06211759]))","(array([0.13400855]), array([0.06197504]))","(array([0.13184265]), array([0.06198194]))","(array([0.12995593]), array([0.06205537]))","(array([0.12832525]), array([0.06224379]))"
(0.14026253129145105+0j),[0.27840142],[1.],[-0.55800245],[1.],"(array([0.14438482]), array([0.20349106]))","(array([0.13400855]), array([0.06197504]))","(array([0.13184265]), array([0.06198194]))","(array([0.12995593]), array([0.06205537]))","(array([0.12832525]), array([0.06224379]))","(array([0.12711584]), array([0.062576]))"
