Es,Sx,Sxx,Sy,Syy,P-10,P-9,P-8,P-7,P-6,P-5,P-4,P-3,P-2,P-1,P0
(6.004060576390566e-05+0j),[-2.99755307e-17],[1.],[-0.0154967],[1.],[-0.0017472],[0.],[0.],[0.],[0.],[0.],[0.],[0.],[0.],[0.],[-0.0017472]
(0.0001092184085678634+0j),[-6.31833837e-16],[1.],[-0.02090031],[1.],[-0.00410357],[-1.17305488e-32],[1.64905986e-38],[5.75656482e-39],[0.],[0.],[0.],[0.],[0.],[-0.0017472],[-0.00410357]
(0.00024046887944390835+0j),[-1.18017935e-14],[1.],[-0.03101016],[1.],[-0.00585267],[3.93389796e-29],[3.79502322e-29],[-8.79744821e-29],[1.51529371e-29],[-2.41828164e-29],[9.54010305e-29],[-2.08744589e-26],[-0.0017472],[-0.00410357],[-0.00585267]
(0.000647602971629327+0j),[-2.31891469e-14],[1.],[-0.05087878],[1.],[-0.00923285],[-4.78257246e-26],[1.77984147e-27],[-3.06864056e-25],[2.50274748e-30],[3.95058966e-25],[-1.89536986e-26],[-0.0017472],[-0.00410357],[-0.00585267],[-0.00923285]
(0.0026948162339388714+0j),[-2.19445058e-14],[1.],[-0.10367828],[1.],[-0.01742966],[-1.21742219e-24],[1.77287453e-24],[1.259466e-24],[2.11342788e-24],[-1.40803074e-26],[-0.0017472],[-0.00410357],[-0.00585267],[-0.00923285],[-0.01742966]
(0.0053994365248840005+0j),[-1.48900139e-14],[1.],[-0.14654022],[1.],[-0.02821542],[1.78190434e-24],[1.30090023e-24],[1.95157054e-24],[8.73583983e-25],[-0.0017472],[-0.00410357],[-0.00585267],[-0.00923285],[-0.01742966],[-0.02821542]
(0.009815854727509841+0j),[-1.69625342e-14],[1.],[-0.19710312],[1.],[-0.03875301],[6.56038835e-25],[1.1856316e-24],[3.59933576e-25],[-0.0017472],[-0.00410357],[-0.00585267],[-0.00923285],[-0.01742966],[-0.02821542],[-0.03875301]
(0.014818479465702306+0j),[-1.80333996e-14],[1.],[-0.24147806],[1.],[-0.04945698],[-1.34356001e-23],[2.33257134e-21],[-0.0017472],[-0.00410357],[-0.00585267],[-0.00923285],[-0.01742966],[-0.02821542],[-0.03875301],[-0.04945698]
(0.026999631298115407+0j),[-8.68424931e-15],[1.],[-0.32379132],[1.],[-0.06377314],[2.09831022e-21],[-0.0017472],[-0.00410357],[-0.00585267],[-0.00923285],[-0.01742966],[-0.02821542],[-0.03875301],[-0.04945698],[-0.06377314]
(0.041786499630527774+0j),[-1.54930115e-14],[1.],[-0.39936086],[1.],[-0.08158083],[-0.0017472],[-0.00410357],[-0.00585267],[-0.00923285],[-0.01742966],[-0.02821542],[-0.03875301],[-0.04945698],[-0.06377314],[-0.08158083]
(0.045181179928635316+0j),[-1.34143502e-14],[1.],[-0.41378699],[1.],[-0.09342692],[-0.00410357],[-0.00585267],[-0.00923285],[-0.01742966],[-0.02821542],[-0.03875301],[-0.04945698],[-0.06377314],[-0.08158083],[-0.09167971]
(0.0621066995166183+0j),[-1.27021028e-14],[1.],[-0.48028798],[1.],[-0.10495894],[-0.00585267],[-0.00923285],[-0.01742966],[-0.02821542],[-0.03875301],[-0.04945698],[-0.06377314],[-0.08158083],[-0.09167971],[-0.10085537]
(0.06819113039510284+0j),[-1.18882628e-14],[1.],[-0.50042246],[1.],[-0.11642787],[-0.00923285],[-0.01742966],[-0.02821542],[-0.03875301],[-0.04945698],[-0.06377314],[-0.08158083],[-0.09167971],[-0.10085537],[-0.11057519]
(0.06531730065715587+0j),[-9.94320909e-15],[1.],[-0.48897714],[1.],[-0.12077849],[-0.01742966],[-0.02821542],[-0.03875301],[-0.04945698],[-0.06377314],[-0.08158083],[-0.09167971],[-0.10085537],[-0.11057519],[-0.11154565]
(0.06036009048218268+0j),[-9.40087026e-15],[1.],[-0.46981184],[1.],[-0.12552587],[-0.02821542],[-0.03875301],[-0.04945698],[-0.06377314],[-0.08158083],[-0.09167971],[-0.10085537],[-0.1105752],[-0.11154565],[-0.1080962]
(0.061948386070080304+0j),[-8.37113896e-15],[1.],[-0.47480006],[1.],[-0.13471306],[-0.03875302],[-0.04945699],[-0.06377315],[-0.08158085],[-0.09167973],[-0.10085539],[-0.11057521],[-0.11154567],[-0.10809622],[-0.10649764]
(0.07080117966549766+0j),[-7.80591757e-15],[1.],[-0.50507728],[1.],[-0.14924163],[-0.04945706],[-0.06377325],[-0.08158096],[-0.09167985],[-0.10085551],[-0.11057535],[-0.1115458],[-0.10809634],[-0.10649776],[-0.11048856]
(0.07566553691088539+0j),[-6.4824627e-15],[1.],[-0.51999954],[1.],[-0.16503042],[-0.0637736],[-0.08158139],[-0.09168032],[-0.100856],[-0.11057585],[-0.1115463],[-0.10809682],[-0.10649821],[-0.11048899],[-0.11557309]
(0.07449018832602411+0j),[-5.03011472e-15],[1.],[-0.51491376],[1.],[-0.18044901],[-0.08158258],[-0.09168162],[-0.10085738],[-0.1105773],[-0.11154772],[-0.10809819],[-0.10649953],[-0.11049027],[-0.11557429],[-0.11667445]
(0.07948069570542174+0j),[-4.0220612e-15],[1.],[-0.5299205],[1.],[-0.19938607],[-0.09168551],[-0.10086152],[-0.11058166],[-0.11155204],[-0.10810233],[-0.1065035],[-0.11049419],[-0.1155781],[-0.11667803],[-0.11779998]
(0.07468138820957153+0j),[-3.41934429e-15],[1.],[-0.51344283],[1.],[-0.20932533],[-0.10087334],[-0.11059423],[-0.11156448],[-0.10811429],[-0.10651508],[-0.11050558],[-0.1155893],[-0.11668867],[-0.11780987],[-0.11762877]
(0.07875281044572847+0j),[-2.05238317e-15],[1.],[-0.52602719],[1.],[-0.21809061],[-0.11061547],[-0.11158557],[-0.10813462],[-0.10653478],[-0.11052509],[-0.11560853],[-0.11670715],[-0.11782729],[-0.11764487],[-0.11719717]
(0.07233385277954557+0j),[-1.8842638e-15],[1.],[-0.5045027],[1.],[-0.22683621],[-0.11161894],[-0.10816667],[-0.10656586],[-0.11055612],[-0.11563924],[-0.11673682],[-0.11785549],[-0.11767107],[-0.11722103],[-0.11618736]
(0.06881128667634788+0j),[-9.16177085e-15],[1.],[-0.49251764],[1.],[-0.22408274],[-0.10821582],[-0.10661355],[-0.11060379],[-0.11568704],[-0.11678303],[-0.11790001],[-0.11771286],[-0.11725953],[-0.11622229],[-0.11241311]
(0.05909362365908083+0j),[-2.07938876e-14],[1.],[-0.45747578],[1.],[-0.2153907],[-0.10666606],[-0.11065629],[-0.11573978],[-0.11683449],[-0.11794928],[-0.11775953],[-0.11730284],[-0.11626144],[-0.11244779],[-0.10712126]
(0.05672109455316148+0j),[-5.5656019e-15],[1.],[-0.44917957],[1.],[-0.20894053],[-0.11070674],[-0.1157898],[-0.11688377],[-0.11799655],[-0.11780431],[-0.11734444],[-0.11629901],[-0.11248138],[-0.10715109],[-0.10222492]
(0.05328514547317438+0j),[-9.27126562e-15],[1.],[-0.43643446],[1.],[-0.21061089],[-0.11584196],[-0.11693489],[-0.11804597],[-0.11785109],[-0.11738806],[-0.11633886],[-0.11251654],[-0.10718175],[-0.10225216],[-0.09985218]
(0.05305271330284577+0j),[3.25775606e-15],[1.],[-0.43660895],[1.],[-0.21434548],[-0.11700021],[-0.1181091],[-0.11791185],[-0.1174448],[-0.11639115],[-0.11256409],[-0.10722365],[-0.1022882],[-0.09988435],[-0.09843706]
(0.04815873326095223+0j),[-2.382782e-14],[1.],[-0.41720704],[1.],[-0.21336018],[-0.11819287],[-0.1179924],[-0.11752115],[-0.11646227],[-0.11262893],[-0.10728194],[-0.10233999],[-0.09992988],[-0.0984762],[-0.0962739]
(0.038057885885093186+0j),[-3.41749786e-14],[1.],[-0.37198918],[1.],[-0.20729684],[-0.11809061],[-0.11761403],[-0.1165497],[-0.11270889],[-0.1073541],[-0.10240462],[-0.09998738],[-0.09852628],[-0.09631571],[-0.08900244]
(0.03490285383499454+0j),[-7.28582675e-15],[1.],[-0.35774068],[1.],[-0.20050383],[-0.1177326],[-0.11666172],[-0.11281174],[-0.10744758],[-0.10248884],[-0.10006256],[-0.09859235],[-0.09637254],[-0.0890503],[-0.08228815]
(0.030839267320280066+0j),[-1.42441488e-14],[1.],[-0.33761835],[1.],[-0.19628314],[-0.11678971],[-0.11293094],[-0.10755544],[-0.10258656],[-0.10015093],[-0.09867087],[-0.0964404],[-0.08910781],[-0.0823363],[-0.07841445]
(0.029773575965895437+0j),[-1.87905122e-14],[1.],[-0.33320444],[1.],[-0.19258328],[-0.1130669],[-0.10767974],[-0.10269977],[-0.10025359],[-0.098763],[-0.0965213],[-0.08917741],[-0.08239452],[-0.07846181],[-0.07564725]
(0.02645371897604183+0j),[-6.03536334e-15],[1.],[-0.31522108],[1.],[-0.18634261],[-0.10782075],[-0.10282828],[-0.10037083],[-0.09886892],[-0.09661538],[-0.0892587],[-0.08246356],[-0.07851936],[-0.07569339],[-0.07312307]
(0.02698354067391957+0j),[-1.0112314e-14],[1.],[-0.31945795],[1.],[-0.17952214],[-0.10294959],[-0.10048193],[-0.09897003],[-0.096706],[-0.08933739],[-0.08253099],[-0.07857659],[-0.07573967],[-0.07316018],[-0.07156912]
(0.024968785203951467+0j),[-1.81756984e-14],[1.],[-0.30810175],[1.],[-0.17381399],[-0.10057717],[-0.09905711],[-0.0967845],[-0.08940614],[-0.0825904],[-0.07862699],[-0.07578146],[-0.07319377],[-0.0715952],[-0.07076162]
(0.020606053067881006+0j),[-6.04016672e-15],[1.],[-0.28057441],[1.],[-0.1670399],[-0.09913497],[-0.09685529],[-0.08946834],[-0.08264439],[-0.07867329],[-0.07582029],[-0.07322537],[-0.07161995],[-0.07078099],[-0.06637786]
(0.016185099410525053+0j),[-2.33199641e-14],[1.],[-0.24922367],[1.],[-0.15895609],[-0.09692956],[-0.08953413],[-0.08270218],[-0.07872319],[-0.07586272],[-0.07326081],[-0.07164847],[-0.07080364],[-0.0663946],[-0.05973992]
(0.013697357880743534+0j),[-3.22273473e-14],[1.],[-0.22984904],[1.],[-0.15102869],[-0.08960634],[-0.08276561],[-0.07877894],[-0.07591085],[-0.07330156],[-0.07168232],[-0.07083097],[-0.066416],[-0.05975568],[-0.05401814]
(0.010534127811327051+0j),[-2.2453957e-14],[1.],[-0.20195432],[1.],[-0.13836754],[-0.08282882],[-0.07883511],[-0.07595992],[-0.0733438],[-0.07171803],[-0.07086046],[-0.06643977],[-0.0597739],[-0.05403146],[-0.04868959]
(0.009625823103546777+0j),[-2.14709947e-14],[1.],[-0.19353061],[1.],[-0.1274769],[-0.07888592],[-0.07600463],[-0.07338248],[-0.07175102],[-0.07088791],[-0.06646207],[-0.05979116],[-0.0540441],[-0.04869855],[-0.04459094]
(0.008718586421818627+0j),[-2.6545922e-14],[1.],[-0.18456084],[1.],[-0.1215602],[-0.07604489],[-0.07341751],[-0.07178112],[-0.07091332],[-0.06648279],[-0.05980758],[-0.05405649],[-0.04870713],[-0.04459678],[-0.04262889]
(0.007766803101111073+0j),[-2.05742067e-14],[1.],[-0.17449517],[1.],[-0.11656544],[-0.07345151],[-0.07181026],[-0.07093901],[-0.0665037],[-0.0598245],[-0.05406969],[-0.04871687],[-0.04460317],[-0.0426335],[-0.04048231]
(0.007161149110449577+0j),[-2.72331885e-14],[1.],[-0.16781045],[1.],[-0.11207759],[-0.07183901],[-0.07096423],[-0.06652495],[-0.05984205],[-0.05408374],[-0.04872759],[-0.04461127],[-0.04263909],[-0.04048591],[-0.03859346]
(0.005706329479302237+0j),[-2.55710266e-14],[1.],[-0.14997331],[1.],[-0.10769422],[-0.07098725],[-0.06654482],[-0.05985865],[-0.05409732],[-0.04873852],[-0.04461982],[-0.0426453],[-0.0404904],[-0.03859613],[-0.03582914]
(0.005804066337131663+0j),[-3.22454921e-14],[1.],[-0.15144266],[1.],[-0.10499065],[-0.06656256],[-0.05987367],[-0.05410982],[-0.04874874],[-0.04462807],[-0.04265173],[-0.04049526],[-0.0385995],[-0.03583124],[-0.0339831]
(0.004530964125255417+0j),[-3.53700794e-14],[1.],[-0.13392048],[1.],[-0.0987523],[-0.0598874],[-0.05412145],[-0.04875849],[-0.0446361],[-0.04265826],[-0.0405004],[-0.03860339],[-0.03583396],[-0.03398472],[-0.03217363]
(0.0037771393437039205+0j),[-3.15852392e-14],[1.],[-0.12236436],[1.],[-0.08879443],[-0.05413185],[-0.04876727],[-0.04464346],[-0.04266435],[-0.04050529],[-0.03860717],[-0.03583672],[-0.03398658],[-0.0321746],[-0.02889477]
(0.00469260878556111+0j),[-3.37156942e-14],[1.],[-0.13646007],[1.],[-0.08332237],[-0.04877497],[-0.04464994],[-0.04266974],[-0.04050968],[-0.03861063],[-0.03583929],[-0.03398834],[-0.03217565],[-0.02889517],[-0.02918147]
(0.006327765259714908+0j),[-2.90408442e-14],[1.],[-0.15841665],[1.],[-0.08202861],[-0.0446556],[-0.04267444],[-0.04051363],[-0.03861376],[-0.03584165],[-0.03399007],[-0.03217671],[-0.02889573],[-0.02918152],[-0.03324705]
(0.006564355114285335+0j),[-1.91098266e-14],[1.],[-0.16133453],[1.],[-0.08070939],[-0.04267785],[-0.04051642],[-0.03861601],[-0.03584344],[-0.0339914],[-0.03217758],[-0.02889613],[-0.02918168],[-0.03324694],[-0.03604988]
(0.008282703764263967+0j),[-3.01697299e-14],[1.],[-0.18108587],[1.],[-0.08128762],[-0.04051853],[-0.03861778],[-0.03584484],[-0.03399247],[-0.03217833],[-0.02889653],[-0.02918192],[-0.03324697],[-0.03604972],[-0.0386072]
(0.00711539694156014+0j),[-2.38649878e-14],[1.],[-0.16788276],[1.],[-0.07986476],[-0.03861942],[-0.03584621],[-0.03399354],[-0.03217913],[-0.02889706],[-0.02918227],[-0.03324714],[-0.03604975],[-0.03860708],[-0.03934427]
(0.00785340390323988+0j),[-1.29247226e-14],[1.],[-0.17630553],[1.],[-0.07742644],[-0.03584756],[-0.03399464],[-0.03218002],[-0.02889767],[-0.02918271],[-0.03324743],[-0.03604991],[-0.03860712],[-0.03934415],[-0.03880531]
(0.009048332375499468+0j),[-1.48877115e-14],[1.],[-0.18912411],[1.],[-0.07704955],[-0.03399578],[-0.0321809],[-0.02889834],[-0.02918324],[-0.03324781],[-0.03605016],[-0.03860728],[-0.03934418],[-0.03880524],[-0.0412006]
(0.010237164836764501+0j),[-8.49544874e-15],[1.],[-0.20102037],[1.],[-0.07798396],[-0.03218177],[-0.02889907],[-0.02918381],[-0.03324825],[-0.03605048],[-0.0386075],[-0.0393443],[-0.03880528],[-0.04120053],[-0.04398699]
(0.010800176713380846+0j),[-6.03917749e-15],[1.],[-0.20636507],[1.],[-0.07811304],[-0.02889982],[-0.02918443],[-0.03324875],[-0.03605088],[-0.03860781],[-0.0393445],[-0.0388054],[-0.04120056],[-0.04398693],[-0.04593024]
(0.011651145681920787+0j),[-7.12773632e-15],[1.],[-0.21420517],[1.],[-0.07631751],[-0.0291849],[-0.03324919],[-0.03605124],[-0.03860808],[-0.03934474],[-0.03880552],[-0.04120065],[-0.04398695],[-0.04593021],[-0.04741693]
(0.010354150495501695+0j),[-6.68147594e-16],[1.],[-0.2019531],[1.],[-0.07610474],[-0.03324944],[-0.03605149],[-0.03860826],[-0.03934488],[-0.03880564],[-0.04120071],[-0.04398699],[-0.04593019],[-0.04741691],[-0.04691945]
(0.011158349100120321+0j),[2.55311006e-15],[1.],[-0.20955151],[1.],[-0.07964459],[-0.03605168],[-0.03860846],[-0.03934502],[-0.03880573],[-0.04120081],[-0.04398705],[-0.04593024],[-0.04741691],[-0.04691946],[-0.04639486]
(0.011737026343822222+0j),[3.5213181e-15],[1.],[-0.21482356],[1.],[-0.08389768],[-0.03860871],[-0.03934519],[-0.03880589],[-0.04120096],[-0.04398716],[-0.04593035],[-0.04741698],[-0.04691952],[-0.04639493],[-0.04784571]
(0.015375964753352784+0j),[8.13805447e-15],[1.],[-0.24549391],[1.],[-0.09051199],[-0.03934544],[-0.0388061],[-0.04120116],[-0.04398735],[-0.0459305],[-0.04741714],[-0.04691964],[-0.04639503],[-0.04784583],[-0.051903]
(0.015696751981585648+0j),[8.45542486e-15],[1.],[-0.2478913],[1.],[-0.09497172],[-0.03880642],[-0.04120145],[-0.04398763],[-0.04593075],[-0.04741738],[-0.04691986],[-0.04639521],[-0.047846],[-0.05190316],[-0.05562594]
(0.01470662244759289+0j),[9.82010039e-15],[1.],[-0.23992302],[1.],[-0.09380456],[-0.04120182],[-0.04398794],[-0.04593107],[-0.04741768],[-0.04692012],[-0.04639546],[-0.04784623],[-0.05190337],[-0.05562613],[-0.05499778]
(0.025370200268169836+0j),[1.50671168e-14],[1.],[-0.31368515],[1.],[-0.10365174],[-0.0439883],[-0.0459314],[-0.04741801],[-0.04692042],[-0.04639572],[-0.04784648],[-0.05190359],[-0.05562633],[-0.054998],[-0.06244953]
(0.03796163783644499+0j),[1.14574426e-14],[1.],[-0.38109147],[1.],[-0.1223585],[-0.04593185],[-0.04741842],[-0.04692081],[-0.04639611],[-0.04784683],[-0.05190392],[-0.05562663],[-0.05499825],[-0.0624498],[-0.07836973]
(0.0520193061522237+0j),[2.3393436e-14],[1.],[-0.44236162],[1.],[-0.13881215],[-0.04741903],[-0.04692136],[-0.04639662],[-0.04784734],[-0.05190439],[-0.0556271],[-0.05499866],[-0.06245018],[-0.07837013],[-0.09287967]
(0.06713715748548477+0j),[1.92099151e-14],[1.],[-0.4976949],[1.],[-0.15344662],[-0.04692213],[-0.04639731],[-0.04784796],[-0.05190505],[-0.0556277],[-0.05499922],[-0.0624507],[-0.07837066],[-0.09288021],[-0.10602686]
(0.07326278713482519+0j),[2.23794038e-14],[1.],[-0.51682502],[1.],[-0.16130903],[-0.04639811],[-0.04784867],[-0.0519058],[-0.05562842],[-0.05499989],[-0.06245135],[-0.0783713],[-0.09288081],[-0.10602746],[-0.11438608]
(0.08103509649782788+0j),[2.32886349e-14],[1.],[-0.53993006],[1.],[-0.16555033],[-0.04784961],[-0.05190658],[-0.05562924],[-0.05500061],[-0.06245209],[-0.07837203],[-0.09288149],[-0.10602813],[-0.11438671],[-0.11915139]
(0.0858709097405017+0j),[2.80037956e-14],[1.],[-0.55277729],[1.],[-0.1710477],[-0.05190773],[-0.05563013],[-0.05500145],[-0.06245298],[-0.0783729],[-0.09288235],[-0.1060289],[-0.11438746],[-0.11915208],[-0.12319712]
(0.09578965626623306+0j),[2.12721093e-14],[1.],[-0.57935636],[1.],[-0.17956354],[-0.05563152],[-0.05500269],[-0.06245396],[-0.07837418],[-0.09288347],[-0.10603003],[-0.11438844],[-0.11915297],[-0.12319799],[-0.12765449]
(0.08387544345469448+0j),[1.98789915e-14],[1.],[-0.54270413],[1.],[-0.18214377],[-0.05500457],[-0.06245587],[-0.07837588],[-0.09288544],[-0.1060318],[-0.11439022],[-0.1191545],[-0.12319946],[-0.12765583],[-0.12651042]
(0.07256756283528135+0j),[2.75815577e-14],[1.],[-0.50533223],[1.],[-0.17317306],[-0.06245832],[-0.0783784],[-0.09288804],[-0.10603453],[-0.11439266],[-0.119157],[-0.12320159],[-0.12765797],[-0.12651219],[-0.11816621]
(0.06704873155817345+0j),[2.59101547e-14],[1.],[-0.48577664],[1.],[-0.17419904],[-0.07838123],[-0.09289068],[-0.10603744],[-0.11439537],[-0.11915957],[-0.12320404],[-0.12766014],[-0.12651416],[-0.11816794],[-0.11173817]
(0.05953145970528679+0j),[2.1711632e-14],[1.],[-0.45804452],[1.],[-0.1847959],[-0.09289564],[-0.10604259],[-0.11440052],[-0.11916449],[-0.12320873],[-0.12766454],[-0.12651833],[-0.11817164],[-0.11174147],[-0.10640989]
(0.059344760007590605+0j),[2.07125019e-14],[1.],[-0.45778736],[1.],[-0.19615941],[-0.10605551],[-0.11441378],[-0.11917757],[-0.12322139],[-0.12767685],[-0.12652992],[-0.11818231],[-0.11175127],[-0.10641872],[-0.10325168]
(0.06590681830734169+0j),[1.72107655e-14],[1.],[-0.48260707],[1.],[-0.21211722],[-0.11444094],[-0.11920477],[-0.1232483],[-0.127703],[-0.12655497],[-0.11820548],[-0.11177259],[-0.10643804],[-0.10326967],[-0.10603501]
(0.06469247887299136+0j),[1.4260744e-14],[1.],[-0.4786002],[1.],[-0.22286369],[-0.11925359],[-0.123297],[-0.12775138],[-0.12660135],[-0.11824848],[-0.11181278],[-0.10647551],[-0.10330338],[-0.10606594],[-0.10837397]
(0.06243438889989897+0j),[1.26940955e-14],[1.],[-0.47091652],[1.],[-0.2263834],[-0.12336662],[-0.12782043],[-0.1266685],[-0.11831082],[-0.1118711],[-0.10653001],[-0.10335402],[-0.10611209],[-0.1084155],[-0.10706054]
(0.05887586454742587+0j),[1.091586e-14],[1.],[-0.4583193],[1.],[-0.22823002],[-0.12790797],[-0.12675264],[-0.11838919],[-0.11194465],[-0.1065991],[-0.10341862],[-0.10617214],[-0.10847012],[-0.10710901],[-0.10477738]
(0.05478587049841381+0j),[7.80078272e-15],[1.],[-0.44334588],[1.],[-0.22968629],[-0.1268561],[-0.11848563],[-0.11203495],[-0.10668417],[-0.10349862],[-0.1062473],[-0.10853966],[-0.10717085],[-0.10483283],[-0.10167155]
(0.050165885738252126+0j),[6.04588138e-15],[1.],[-0.42563927],[1.],[-0.22497786],[-0.11860648],[-0.11214817],[-0.10679028],[-0.10359892],[-0.10634296],[-0.10862877],[-0.10725226],[-0.1049041],[-0.10173495],[-0.09799219]
(0.046351557088137055+0j),[5.3745933e-15],[1.],[-0.41050369],[1.],[-0.21302052],[-0.11226572],[-0.10690124],[-0.10370365],[-0.10644313],[-0.10872297],[-0.10733834],[-0.10498115],[-0.10180191],[-0.09804981],[-0.09428887]
(0.05705924968651714+0j),[5.50886433e-15],[1.],[-0.45563422],[1.],[-0.21005222],[-0.10699195],[-0.10378817],[-0.10652625],[-0.10880046],[-0.10740885],[-0.10504495],[-0.10185683],[-0.09809587],[-0.09432933],[-0.09768816]
(0.0686204800807883+0j),[3.98077246e-15],[1.],[-0.49799205],[1.],[-0.21462661],[-0.10386849],[-0.10660198],[-0.10887335],[-0.10747411],[-0.10510357],[-0.10190869],[-0.09813901],[-0.0943646],[-0.09771924],[-0.10754896]
(0.08074219836750389+0j),[3.87657181e-15],[1.],[-0.53708071],[1.],[-0.22068363],[-0.10668262],[-0.10894974],[-0.10754572],[-0.10516528],[-0.10196288],[-0.09818638],[-0.09440365],[-0.09774896],[-0.10757501],[-0.11672956]
(0.09283393472634648+0j),[2.89204305e-15],[1.],[-0.57169871],[1.],[-0.23181416],[-0.1090383],[-0.10762734],[-0.10523855],[-0.10202665],[-0.09824117],[-0.09445026],[-0.0977866],[-0.10760518],[-0.11675441],[-0.12503664]
(0.08284549320676743+0j),[-1.40616226e-15],[1.],[-0.54073748],[1.],[-0.23458314],[-0.10773757],[-0.10533812],[-0.10211438],[-0.09831713],[-0.09451556],[-0.09784544],[-0.10765028],[-0.11679351],[-0.12506598],[-0.12542927]
(0.08083464625211695+0j),[-1.06241984e-15],[1.],[-0.53362454],[1.],[-0.22899911],[-0.10546044],[-0.1022247],[-0.09841409],[-0.09459927],[-0.09791813],[-0.10771616],[-0.11684506],[-0.12511109],[-0.12546192],[-0.12113276]
(0.07492984809395664+0j),[-1.17837935e-15],[1.],[-0.51406664],[1.],[-0.2237152],[-0.1023414],[-0.09851898],[-0.09469189],[-0.09800039],[-0.10778836],[-0.11690875],[-0.1251618],[-0.12550553],[-0.1211667],[-0.11812671]
(0.07228957482548845+0j),[-1.46347267e-15],[1.],[-0.50500594],[1.],[-0.21735997],[-0.0986277],[-0.09478829],[-0.09808806],[-0.1078671],[-0.11697734],[-0.125222],[-0.125553],[-0.12120715],[-0.11815771],[-0.114898]
(0.07114183921786277+0j),[-1.53679346e-15],[1.],[-0.50100078],[1.],[-0.21216213],[-0.09488884],[-0.09818091],[-0.10795038],[-0.11705228],[-0.12528849],[-0.12560788],[-0.12125133],[-0.11819595],[-0.11492641],[-0.11342526]
(0.06486391034417965+0j),[-1.17924689e-15],[1.],[-0.47899177],[1.],[-0.20547201],[-0.09826531],[-0.10802973],[-0.11712365],[-0.12535236],[-0.12566372],[-0.12129656],[-0.11823278],[-0.11495843],[-0.1134492],[-0.11049217]
(0.05776837004220352+0j),[-1.90068633e-15],[1.],[-0.45279484],[1.],[-0.20338952],[-0.10809294],[-0.11718311],[-0.12540592],[-0.12571052],[-0.12133699],[-0.11826745],[-0.11498438],[-0.11347223],[-0.11051011],[-0.10505664]
(0.050036471796236+0j),[-3.09137539e-15],[1.],[-0.42228519],[1.],[-0.20682319],[-0.11724429],[-0.12546369],[-0.12576271],[-0.12138209],[-0.11830645],[-0.11501927],[-0.11349948],[-0.11053347],[-0.10507707],[-0.09866611]
(0.05806464886357666+0j),[-2.93871549e-15],[1.],[-0.4559119],[1.],[-0.21635598],[-0.12554067],[-0.12583368],[-0.12144635],[-0.11836436],[-0.11507064],[-0.11354454],[-0.11057281],[-0.10511098],[-0.0986951],[-0.09903295]
(0.060202139534297754+0j),[-4.77074348e-15],[1.],[-0.46476818],[1.],[-0.22945827],[-0.12593304],[-0.12153776],[-0.11844839],[-0.11514716],[-0.11361402],[-0.11063547],[-0.10516652],[-0.09874341],[-0.0990741],[-0.10381237]
(0.05866970801669784+0j),[-1.82814246e-15],[1.],[-0.45958729],[1.],[-0.23030934],[-0.12167241],[-0.11857292],[-0.1152623],[-0.11372096],[-0.11073302],[-0.10525448],[-0.09882179],[-0.09914322],[-0.10387074],[-0.10423134]
(0.06637324672898065+0j),[-1.82161996e-15],[1.],[-0.48838132],[1.],[-0.22873592],[-0.11871588],[-0.11539544],[-0.11384473],[-0.11084707],[-0.10535824],[-0.09891487],[-0.09922563],[-0.1039425],[-0.10429137],[-0.10691016]
(0.06385523301179262+0j),[4.50845351e-16],[1.],[-0.47942237],[1.],[-0.22797978],[-0.11552445],[-0.11396314],[-0.11095951],[-0.10545915],[-0.09900458],[-0.09930772],[-0.10401377],[-0.10435144],[-0.10696118],[-0.10912583]
(0.06548453417628108+0j),[-7.15031329e-16],[1.],[-0.48536924],[1.],[-0.22443594],[-0.11408177],[-0.11106816],[-0.10555902],[-0.09909523],[-0.09938989],[-0.10408614],[-0.10441414],[-0.10701309],[-0.10916861],[-0.1087858]
(0.06837286418297413+0j),[-1.14810665e-19],[1.],[-0.49545265],[1.],[-0.22478838],[-0.11117441],[-0.10565617],[-0.09918224],[-0.09947157],[-0.10415806],[-0.10447701],[-0.10706729],[-0.10921229],[-0.10882224],[-0.11059117]
(0.07060815513733991+0j),[1.10730933e-15],[1.],[-0.50289027],[1.],[-0.22384518],[-0.10575313],[-0.09926969],[-0.09955431],[-0.10423251],[-0.10454221],[-0.10712541],[-0.10926037],[-0.10886126],[-0.11062471],[-0.11256383]
(0.06717115161471902+0j),[1.05255405e-15],[1.],[-0.49073911],[1.],[-0.21787351],[-0.09935365],[-0.09963353],[-0.10430512],[-0.10460652],[-0.10718261],[-0.10931004],[-0.10890151],[-0.11065893],[-0.1125903],[-0.11202885]
(0.07945973542192446+0j),[1.96105003e-15],[1.],[-0.53129919],[1.],[-0.21469627],[-0.09971057],[-0.10437824],[-0.1046716],[-0.10723943],[-0.10935963],[-0.10894468],[-0.11069241],[-0.11261854],[-0.11205203],[-0.11525945]
(0.07082740332482422+0j),[1.5363959e-15],[1.],[-0.5023431],[1.],[-0.21633592],[-0.1044562],[-0.10474195],[-0.10730247],[-0.10941438],[-0.10899056],[-0.11073156],[-0.11264875],[-0.11207579],[-0.11528006],[-0.11654131]
(0.06876477610898468+0j),[3.73231313e-16],[1.],[-0.49500012],[1.],[-0.21699851],[-0.1048308],[-0.10738369],[-0.10948647],[-0.10905222],[-0.11078444],[-0.1126941],[-0.11211022],[-0.1153097],[-0.11656495],[-0.11244486]
(0.06064047999375966+0j),[3.07871683e-16],[1.],[-0.46566369],[1.],[-0.21326872],[-0.10749447],[-0.1095876],[-0.10914127],[-0.11086272],[-0.11276319],[-0.11216858],[-0.1153554],[-0.11660618],[-0.11247576],[-0.10831946]
(0.05346671694686694+0j),[3.72311908e-16],[1.],[-0.43810021],[1.],[-0.20951402],[-0.10969468],[-0.10923902],[-0.11095005],[-0.11283981],[-0.11223508],[-0.11541449],[-0.1166537],[-0.1125138],[-0.10835219],[-0.10190399]
(0.04763465274809903+0j),[-3.5541205e-16],[1.],[-0.41443236],[1.],[-0.20593277],[-0.10934093],[-0.1110435],[-0.11292457],[-0.11231081],[-0.11548135],[-0.11671204],[-0.11256333],[-0.10839261],[-0.1019377],[-0.09612803]
(0.04139299766017218+0j),[1.94050616e-15],[1.],[-0.38727654],[1.],[-0.19984791],[-0.11114362],[-0.11301755],[-0.11239438],[-0.11555708],[-0.11678019],[-0.11262263],[-0.10844302],[-0.10197945],[-0.09616325],[-0.09040045]
(0.035624036368165815+0j),[2.15192141e-15],[1.],[-0.36025179],[1.],[-0.1955346],[-0.11311144],[-0.11248077],[-0.11563589],[-0.11685277],[-0.11268722],[-0.10849911],[-0.10202704],[-0.09620262],[-0.0904338],[-0.08429132]
(0.03381648605868703+0j),[1.56518407e-15],[1.],[-0.35235785],[1.],[-0.19356546],[-0.11257622],[-0.11572532],[-0.11693518],[-0.11276168],[-0.10856551],[-0.10208466],[-0.09625199],[-0.09047527],[-0.08432582],[-0.08035209]
(0.029060825978818615+0j),[1.70662538e-15],[1.],[-0.32770111],[1.],[-0.18936371],[-0.115823],[-0.1170263],[-0.11284492],[-0.10864083],[-0.10215107],[-0.09631013],[-0.09052546],[-0.08436849],[-0.080387],[-0.07668542]
(0.025936542721794246+0j),[1.0634965e-15],[1.],[-0.31080436],[1.],[-0.18791486],[-0.11711628],[-0.1129274],[-0.10871581],[-0.10221834],[-0.09636991],[-0.09057775],[-0.08441328],[-0.08042503],[-0.07671656],[-0.07199732]
(0.023994267017275663+0j),[-2.01468076e-16],[1.],[-0.3002618],[1.],[-0.18611774],[-0.113018],[-0.108799],[-0.10229402],[-0.09643795],[-0.09063826],[-0.08446637],[-0.08047125],[-0.07675584],[-0.07202967],[-0.06890383]
(0.02519176088305219+0j),[5.05388339e-16],[1.],[-0.30896293],[1.],[-0.18181976],[-0.10889507],[-0.10238142],[-0.09651715],[-0.09070947],[-0.08452963],[-0.0805269],[-0.07680405],[-0.07207044],[-0.06893709],[-0.06869839]
(0.025039043050165972+0j),[3.24269348e-16],[1.],[-0.30889376],[1.],[-0.17866467],[-0.10247357],[-0.09660083],[-0.09078464],[-0.08459658],[-0.0805861],[-0.07685556],[-0.07211413],[-0.06897334],[-0.06872732],[-0.06966871]
(0.02438236971855676+0j),[-9.45790634e-17],[1.],[-0.30546133],[1.],[-0.17183575],[-0.09668335],[-0.09085922],[-0.08466288],[-0.08064504],[-0.07690742],[-0.07215834],[-0.06901034],[-0.06875731],[-0.06969224],[-0.06927175]
(0.02110134793167751+0j),[-7.62123657e-16],[1.],[-0.28475374],[1.],[-0.16331236],[-0.09093138],[-0.08472676],[-0.08070287],[-0.07695761],[-0.07220136],[-0.06904695],[-0.06878678],[-0.06971572],[-0.06928921],[-0.06654938]
(0.017953466503764972+0j),[-4.90165422e-16],[1.],[-0.26315872],[1.],[-0.15277941],[-0.08478873],[-0.0807582],[-0.07700681],[-0.07224359],[-0.06908254],[-0.0688164],[-0.06973891],[-0.06930756],[-0.06656216],[-0.06177869]
(0.01956214252369861+0j),[-6.51963601e-16],[1.],[-0.27503004],[1.],[-0.14552679],[-0.0808095],[-0.07705226],[-0.07228303],[-0.06911625],[-0.0688444],[-0.06976151],[-0.06932525],[-0.06657538],[-0.06178789],[-0.06068093]
(0.01835480615983297+0j),[-7.14885501e-16],[1.],[-0.26669303],[1.],[-0.14193528],[-0.07709583],[-0.07232126],[-0.06914886],[-0.06887184],[-0.06978443],[-0.0693426],[-0.06658929],[-0.06179783],[-0.06068727],[-0.06107697]
(0.017037529104153775+0j),[-5.72371069e-16],[1.],[-0.25719343],[1.],[-0.13620508],[-0.0723595],[-0.06918236],[-0.0689002],[-0.06980808],[-0.0693625],[-0.06660436],[-0.06180858],[-0.06069575],[-0.06108225],[-0.05906567]
(0.014253118121543937+0j),[-6.39327365e-16],[1.],[-0.23549734],[1.],[-0.12794506],[-0.06921412],[-0.06892759],[-0.06983152],[-0.06938185],[-0.06662023],[-0.06182072],[-0.06070426],[-0.061089],[-0.05906954],[-0.05554983]
(0.01287591492094458+0j),[-7.6791566e-16],[1.],[-0.22404278],[1.],[-0.12105689],[-0.06895598],[-0.06985605],[-0.06940268],[-0.06663737],[-0.06183387],[-0.06071509],[-0.06109649],[-0.05907452],[-0.05555333],[-0.05181083]
(0.011466648449835097+0j),[-1.50735915e-16],[1.],[-0.21161887],[1.],[-0.1181023],[-0.06988058],[-0.06942382],[-0.06665515],[-0.06184838],[-0.06072643],[-0.06110562],[-0.05908113],[-0.05555743],[-0.05181383],[-0.04911847]
(0.01614640239530866+0j),[-9.64566274e-16],[1.],[-0.25106051],[1.],[-0.12207576],[-0.06944348],[-0.06667187],[-0.0618624],[-0.06073798],[-0.06111512],[-0.05908862],[-0.05556303],[-0.05181766],[-0.04912112],[-0.05217293]
(0.01954180830207674+0j),[-8.44246858e-16],[1.],[-0.27586454],[1.],[-0.12887375],[-0.06668792],[-0.06187609],[-0.0607497],[-0.061125],[-0.05909682],[-0.05556957],[-0.05182266],[-0.04912487],[-0.05217549],[-0.05941193]
(0.027099274868820872+0j),[-1.34781982e-15],[1.],[-0.32371982],[1.],[-0.13431769],[-0.06188804],[-0.06076021],[-0.06113398],[-0.05910452],[-0.05557596],[-0.05182781],[-0.04912882],[-0.05217854],[-0.05941401],[-0.0676161]
(0.03393611688923924+0j),[-1.0658695e-15],[1.],[-0.36083188],[1.],[-0.13908879],[-0.06076893],[-0.06114175],[-0.05911116],[-0.05558157],[-0.0518324],[-0.04913264],[-0.0521815],[-0.05941624],[-0.06761756],[-0.0771909]
(0.03244138574129569+0j),[-1.34465628e-15],[1.],[-0.35256971],[1.],[-0.14120583],[-0.06114789],[-0.05911651],[-0.05558614],[-0.05183617],[-0.04913579],[-0.05218404],[-0.05941819],[-0.06761888],[-0.07719186],[-0.08043007]
(0.03245002596645021+0j),[-1.30557383e-15],[1.],[-0.35225307],[1.],[-0.14061646],[-0.05912123],[-0.05559027],[-0.05183979],[-0.04913885],[-0.05218656],[-0.05942026],[-0.06762045],[-0.07719302],[-0.08043096],[-0.07946261]
(0.027135824066573506+0j),[-1.03690866e-15],[1.],[-0.32240191],[1.],[-0.13519245],[-0.05559463],[-0.05184358],[-0.04914209],[-0.05218954],[-0.05942269],[-0.06762255],[-0.07719468],[-0.08043215],[-0.07946376],[-0.07606604]
(0.025368844282307894+0j),[-2.98249057e-16],[1.],[-0.3117699],[1.],[-0.12709711],[-0.0518474],[-0.04914517],[-0.05219252],[-0.0594252],[-0.06762477],[-0.0771965],[-0.08043367],[-0.07946503],[-0.07606708],[-0.0714973]
(0.03754217479821747+0j),[1.51533326e-15],[1.],[-0.37772012],[1.],[-0.12962188],[-0.04914832],[-0.0521948],[-0.05942768],[-0.06762674],[-0.07719829],[-0.08043504],[-0.07946637],[-0.07606827],[-0.07149819],[-0.07777064]
(0.034582656279235235+0j),[2.02450456e-15],[1.],[-0.36252429],[1.],[-0.13260809],[-0.05219714],[-0.05942997],[-0.06762872],[-0.07720006],[-0.08043647],[-0.07946771],[-0.07606931],[-0.07149882],[-0.07777118],[-0.08345635]
(0.03328752395167365+0j),[1.82316962e-15],[1.],[-0.35554891],[1.],[-0.13315639],[-0.05943254],[-0.06763105],[-0.0772021],[-0.08043824],[-0.07946934],[-0.07607051],[-0.07149954],[-0.07777192],[-0.08345709],[-0.08095619]
(0.02895116731690628+0j),[3.85230066e-15],[1.],[-0.33176506],[1.],[-0.13692758],[-0.06763445],[-0.07720535],[-0.08044119],[-0.07947187],[-0.07607269],[-0.07150142],[-0.07777345],[-0.08345862],[-0.08095745],[-0.07749081]
(0.02891440133180786+0j),[3.83295271e-15],[1.],[-0.33155034],[1.],[-0.1424234],[-0.07721057],[-0.08044614],[-0.07947631],[-0.07607664],[-0.07150489],[-0.07777657],[-0.08346142],[-0.08095979],[-0.0774928],[-0.0747837]
(0.02478950055276346+0j),[3.3296288e-15],[1.],[-0.30722754],[1.],[-0.14923788],[-0.08045367],[-0.0794833],[-0.07608303],[-0.07151064],[-0.07778195],[-0.08346644],[-0.0809643],[-0.07749676],[-0.07478724],[-0.07201957]
(0.022596667260453597+0j),[3.04814123e-15],[1.],[-0.29360955],[1.],[-0.14820599],[-0.07949394],[-0.07609287],[-0.07151963],[-0.07779071],[-0.0834749],[-0.08097207],[-0.07750385],[-0.07479357],[-0.07202529],[-0.06774116]
(0.025988656257733386+0j),[3.05026396e-15],[1.],[-0.31506071],[1.],[-0.14813591],[-0.07610494],[-0.07153078],[-0.07780171],[-0.08348569],[-0.08098208],[-0.07751301],[-0.07480192],[-0.07203261],[-0.06774753],[-0.06862909]
(0.028785545112405785+0j),[2.73480719e-15],[1.],[-0.33150113],[1.],[-0.14901718],[-0.0715423],[-0.07781328],[-0.08349711],[-0.0809928],[-0.07752282],[-0.07481083],[-0.07204063],[-0.06775445],[-0.06863516],[-0.07289954]
(0.034462183676257974+0j),[2.5896556e-15],[1.],[-0.36207387],[1.],[-0.14975845],[-0.07782366],[-0.08350756],[-0.08100255],[-0.07753181],[-0.07481903],[-0.07204802],[-0.06776091],[-0.06864068],[-0.07290456],[-0.07820577]
(0.042368101160694525+0j),[2.32467894e-15],[1.],[-0.40001907],[1.],[-0.16376856],[-0.08351631],[-0.08101075],[-0.07753937],[-0.07482601],[-0.07205431],[-0.06776631],[-0.06864548],[-0.0729085],[-0.07820933],[-0.08593616]
(0.050889873419646625+0j),[2.84956966e-15],[1.],[-0.43633026],[1.],[-0.17783692],[-0.08102165],[-0.07754955],[-0.07483548],[-0.072063],[-0.06777408],[-0.06865248],[-0.07291476],[-0.07821488],[-0.08594097],[-0.0943091]
(0.046229362385772035+0j),[1.67014255e-15],[1.],[-0.41597062],[1.],[-0.17712739],[-0.07756304],[-0.07484803],[-0.07207448],[-0.06778455],[-0.06866216],[-0.07292368],[-0.07822307],[-0.08594826],[-0.09431583],[-0.09609182]
(0.044269948817630134+0j),[1.1287892e-15],[1.],[-0.40692465],[1.],[-0.17035175],[-0.07486092],[-0.07208636],[-0.06779525],[-0.068672],[-0.07293309],[-0.07823153],[-0.08595602],[-0.09432261],[-0.09609802],[-0.09277488]
(0.05029693315395666+0j),[5.18714277e-16],[1.],[-0.43250367],[1.],[-0.16952301],[-0.07209926],[-0.06780656],[-0.06868246],[-0.07294303],[-0.07824063],[-0.08596425],[-0.09433],[-0.09610375],[-0.09278041],[-0.09464846]
(0.045878884290645454+0j),[1.02001382e-17],[1.],[-0.41321595],[1.],[-0.16746267],[-0.06781959],[-0.06869448],[-0.0729543],[-0.0782513],[-0.08597365],[-0.09433868],[-0.09611088],[-0.09278588],[-0.09465392],[-0.0953493]
(0.040425393240639394+0j),[-4.40011565e-17],[1.],[-0.388201],[1.],[-0.15819097],[-0.06871022],[-0.07296767],[-0.07826314],[-0.08598582],[-0.09434858],[-0.09611977],[-0.09279347],[-0.09466023],[-0.09535463],[-0.09035497]
(0.03893146321769419+0j),[-6.23593851e-15],[1.],[-0.38106119],[1.],[-0.15545166],[-0.0729811],[-0.07827548],[-0.0859974],[-0.09435886],[-0.09612899],[-0.09280093],[-0.0946662],[-0.09536032],[-0.0903603],[-0.08672702]
(0.0389857707477468+0j),[-3.44532656e-15],[1.],[-0.38137347],[1.],[-0.15895304],[-0.07828911],[-0.08600953],[-0.09437055],[-0.09613933],[-0.09280952],[-0.09467371],[-0.09536668],[-0.09036571],[-0.08673201],[-0.0859585]
(0.035129075055381244+0j),[-7.69388549e-15],[1.],[-0.36232183],[1.],[-0.16215087],[-0.08602353],[-0.09438405],[-0.09615167],[-0.09282045],[-0.09468344],[-0.09537517],[-0.09037305],[-0.08673819],[-0.08596384],[-0.08384753]
(0.039160214234866396+0j),[-4.15772062e-15],[1.],[-0.38253013],[1.],[-0.17002206],[-0.09440012],[-0.09616686],[-0.09283389],[-0.09469597],[-0.09538661],[-0.09038296],[-0.08674671],[-0.08597155],[-0.08385431],[-0.08398232]
(0.03494847532230193+0j),[-3.95792855e-15],[1.],[-0.36178335],[1.],[-0.1783447],[-0.09619156],[-0.09285663],[-0.09471733],[-0.09540639],[-0.09040069],[-0.0867627],[-0.08598599],[-0.08386667],[-0.08399349],[-0.0839186]
(0.03896186011985041+0j),[-6.43138648e-15],[1.],[-0.38201246],[1.],[-0.18009627],[-0.09289176],[-0.09475058],[-0.09543791],[-0.09042936],[-0.08678873],[-0.08600968],[-0.08388858],[-0.08401202],[-0.08393531],[-0.08386715]
(0.044299154963832965+0j),[-4.80762619e-15],[1.],[-0.40681427],[1.],[-0.18187578],[-0.09478676],[-0.09547167],[-0.09046081],[-0.08681779],[-0.08603646],[-0.08391274],[-0.08403403],[-0.08395445],[-0.08388342],[-0.08894697]
(0.04722557466786732+0j),[-8.1446745e-15],[1.],[-0.41946456],[1.],[-0.18798103],[-0.09550241],[-0.09048918],[-0.08684392],[-0.08606081],[-0.08393508],[-0.08405426],[-0.08397245],[-0.08389879],[-0.08896003],[-0.09316233]
(0.04926773440744633+0j),[-1.66457284e-15],[1.],[-0.42788038],[1.],[-0.19107219],[-0.09052034],[-0.08687229],[-0.08608809],[-0.08396023],[-0.08407732],[-0.08399332],[-0.08391726],[-0.08897587],[-0.09317648],[-0.09553551]
(0.061619173865192514+0j),[6.62232753e-15],[1.],[-0.47590469],[1.],[-0.19248174],[-0.08690269],[-0.08611748],[-0.08398659],[-0.08410193],[-0.08401629],[-0.08393745],[-0.08899402],[-0.09319216],[-0.09554885],[-0.10192947]
(0.06424941325749604+0j),[5.86174062e-15],[1.],[-0.4846108],[1.],[-0.19522204],[-0.08614271],[-0.0840095],[-0.08412304],[-0.08403608],[-0.08395561],[-0.08900958],[-0.09320651],[-0.0955601],[-0.10194014],[-0.10829288]
(0.06431124483013324+0j),[2.05122482e-14],[1.],[-0.48400019],[1.],[-0.19536801],[-0.08403432],[-0.0841448],[-0.08405468],[-0.08397329],[-0.08902597],[-0.09321974],[-0.09557268],[-0.10194978],[-0.10830193],[-0.10920058]
(0.07164599080349371+0j),[3.03736983e-14],[1.],[-0.50862611],[1.],[-0.19598234],[-0.08417002],[-0.08407641],[-0.083993],[-0.08904488],[-0.0932365],[-0.09558646],[-0.1019627],[-0.10831154],[-0.10921024],[-0.11192087]
(0.07834252881959579+0j),[2.37917186e-14],[1.],[-0.52938475],[1.],[-0.20123306],[-0.08410226],[-0.08401496],[-0.08906534],[-0.09325594],[-0.09560298],[-0.10197648],[-0.10832435],[-0.10921991],[-0.11192837],[-0.11703617]
(0.0840788448064979+0j),[2.65488666e-14],[1.],[-0.54588743],[1.],[-0.20536826],[-0.08404369],[-0.08909082],[-0.09328037],[-0.09562563],[-0.10199434],[-0.10834169],[-0.1092341],[-0.11193897],[-0.11704711],[-0.12123395]
(0.07831189413484745+0j),[5.02867934e-14],[1.],[-0.52666142],[1.],[-0.20500005],[-0.08912466],[-0.09331139],[-0.09565364],[-0.10202008],[-0.10836367],[-0.10925384],[-0.11195509],[-0.11706075],[-0.12124416],[-0.12092079]
(0.07623189928517889+0j),[3.04412707e-14],[1.],[-0.51907813],[1.],[-0.2070573],[-0.09334645],[-0.09568507],[-0.10204935],[-0.10838966],[-0.10927683],[-0.11197531],[-0.11707717],[-0.12125773],[-0.12093401],[-0.11789484]
(0.07312123232905143+0j),[4.50768252e-14],[1.],[-0.5081996],[1.],[-0.20920082],[-0.09572242],[-0.10208374],[-0.10842088],[-0.10930627],[-0.11200141],[-0.11709952],[-0.12127795],[-0.12095047],[-0.11790957],[-0.11581719]
(0.06917734147174023+0j),[4.59878263e-14],[1.],[-0.49445568],[1.],[-0.20880935],[-0.10212927],[-0.10846141],[-0.10934429],[-0.11203789],[-0.1171311],[-0.12130617],[-0.12097663],[-0.11792991],[-0.11583605],[-0.11304175]
(0.0569284858572115+0j),[4.2023963e-14],[1.],[-0.44943696],[1.],[-0.20861321],[-0.10851056],[-0.10938877],[-0.11208029],[-0.11717049],[-0.12134162],[-0.12100869],[-0.11795784],[-0.11585958],[-0.11306299],[-0.10643439]
(0.046095163280751944+0j),[4.36764608e-14],[1.],[-0.40511656],[1.],[-0.20493036],[-0.1094431],[-0.11213197],[-0.11721944],[-0.12138798],[-0.121051],[-0.11799555],[-0.11589326],[-0.11309288],[-0.10646024],[-0.09636301]
(0.03777694430381185+0j),[4.97733983e-14],[1.],[-0.36743779],[1.],[-0.19662608],[-0.11219661],[-0.11728151],[-0.12144815],[-0.12110674],[-0.11804674],[-0.11593979],[-0.11313438],[-0.10649677],[-0.09639486],[-0.08711674]
(0.031105722115061643+0j),[4.80198291e-14],[1.],[-0.33420569],[1.],[-0.1913868],[-0.11735029],[-0.12151477],[-0.12116947],[-0.11810466],[-0.11599291],[-0.11318248],[-0.10653937],[-0.09643185],[-0.08714891],[-0.07911998]
(0.03509363035656296+0j),[3.81259268e-14],[1.],[-0.35780305],[1.],[-0.19546482],[-0.12159161],[-0.12124268],[-0.11817263],[-0.11605655],[-0.11324042],[-0.10659141],[-0.09647728],[-0.0871886],[-0.07915395],[-0.07803551]
(0.031884093221826684+0j),[4.35592333e-14],[1.],[-0.34252261],[1.],[-0.20065935],[-0.12133638],[-0.11826081],[-0.11613918],[-0.11331709],[-0.10666101],[-0.09653911],[-0.08724286],[-0.07920093],[-0.07807596],[-0.07896996]
(0.027532605751570238+0j),[4.67822006e-14],[1.],[-0.31965191],[1.],[-0.19612362],[-0.11836933],[-0.11624146],[-0.11341289],[-0.10674852],[-0.09661758],[-0.08731251],[-0.07926239],[-0.07812931],[-0.07901706],[-0.07467273]
(0.03197376300984655+0j),[4.51068702e-14],[1.],[-0.34620219],[1.],[-0.19357809],[-0.11635154],[-0.1135164],[-0.1068435],[-0.09670316],[-0.08738882],[-0.07932997],[-0.07818932],[-0.07906886],[-0.07471621],[-0.07509296]
(0.026591177889750406+0j),[3.663206e-14],[1.],[-0.31676926],[1.],[-0.19122952],[-0.11362525],[-0.10694311],[-0.09679333],[-0.08746917],[-0.07940102],[-0.07825253],[-0.07912481],[-0.07476266],[-0.0751325],[-0.07476152]
(0.02432358028903398+0j),[4.13430215e-14],[1.],[-0.30397361],[1.],[-0.1837366],[-0.10704962],[-0.09688854],[-0.08755426],[-0.07947726],[-0.07832117],[-0.07918433],[-0.07481464],[-0.07517475],[-0.0747967],[-0.06999637]
(0.02233356465624616+0j),[3.47322731e-14],[1.],[-0.2921238],[1.],[-0.17437474],[-0.09698444],[-0.08764042],[-0.07955385],[-0.07839101],[-0.07924682],[-0.07486812],[-0.0752199],[-0.0748337],[-0.07002652],[-0.06721352]
(0.02145286530955826+0j),[2.75308986e-14],[1.],[-0.28696273],[1.],[-0.16237452],[-0.08772523],[-0.07962918],[-0.0784592],[-0.07930805],[-0.07492066],[-0.07526458],[-0.07487055],[-0.07005584],[-0.06723523],[-0.065295]
(0.02315389235320369+0j),[3.60176366e-14],[1.],[-0.29847583],[1.],[-0.15381149],[-0.07969771],[-0.07852138],[-0.07936329],[-0.07496788],[-0.07530507],[-0.07490326],[-0.0700813],[-0.06725475],[-0.06530887],[-0.06601016]
(0.029221346316650368+0j),[5.04951178e-14],[1.],[-0.33491445],[1.],[-0.15117869],[-0.07857461],[-0.07941042],[-0.07500855],[-0.07533949],[-0.07493177],[-0.0701033],[-0.06727128],[-0.06532108],[-0.06601733],[-0.07142301]
(0.03661599183461971+0j),[3.12149191e-14],[1.],[-0.37372297],[1.],[-0.1585317],[-0.07945402],[-0.0750469],[-0.07537172],[-0.07495847],[-0.07012452],[-0.06728755],[-0.06533251],[-0.06602475],[-0.07142807],[-0.07990875]
(0.04495390422924867+0j),[1.49627934e-14],[1.],[-0.41220213],[1.],[-0.16812689],[-0.07508996],[-0.07541009],[-0.0749897],[-0.0701502],[-0.06730849],[-0.06534855],[-0.06603577],[-0.07143632],[-0.07991329],[-0.08862437]
(0.05064712196086445+0j),[5.28357922e-15],[1.],[-0.43576566],[1.],[-0.17074846],[-0.07545374],[-0.07502851],[-0.07018171],[-0.0673338],[-0.06536935],[-0.06605358],[-0.07144775],[-0.07992289],[-0.08862963],[-0.09561042]
(0.06077984611975853+0j),[1.18757119e-14],[1.],[-0.47434016],[1.],[-0.17812146],[-0.07506346],[-0.07021214],[-0.06735922],[-0.06538947],[-0.06606927],[-0.07146185],[-0.07993213],[-0.08863715],[-0.09561381],[-0.10262814]
(0.0716336109952097+0j),[5.62863036e-15],[1.],[-0.51119975],[1.],[-0.18623123],[-0.07024086],[-0.0673838],[-0.06541021],[-0.06608652],[-0.0714762],[-0.07994386],[-0.08864596],[-0.09562041],[-0.10263204],[-0.11113341]
(0.08111440144291629+0j),[1.50244216e-14],[1.],[-0.54008646],[1.],[-0.1888089],[-0.06740781],[-0.06543019],[-0.06610484],[-0.07149207],[-0.07995599],[-0.08865738],[-0.09562802],[-0.10263874],[-0.11113702],[-0.11853796]
