input,target
0.31981449866212314,0.4596557742934815
0.44039134792715157,0.4652570622991563
0.05296584587643771,0.48742529282955394
0.0825654159506996,0.3754921941133176
0.026145814956915703,0.28596678796850267
0.45457448240153875,0.25686278033245674
0.24840108218703738,0.283075603264746
0.1552355811556777,0.24944772498208778
0.08337669746240567,0.24865193343239306
0.4862458090120456,0.259885841875398
0.2977937282366076,0.4550415694890466
0.3060844716894607,0.5098398208515602
0.3419603098313943,0.36424074011119034
0.035361747802891086,0.311513739550927
0.3787805209774968,0.24506518050396436
0.15645428909115938,0.47080527401209205
0.31550074897641034,0.37951633748563196
0.05882139897777433,0.3536219734742382
0.3843385547298487,0.2770629112737292
0.48221361245621497,0.5136831167137857
0.22460727440430311,0.5691697777076228
0.3147120658795689,0.48755210261004855
0.07892144925726258,0.5045276666625171
0.4158939225011512,0.3592884581264195
0.2574837174622307,0.5188225716401009
0.28566788412418065,0.43109768555441563
0.11402231886058112,0.45924149901242284
0.12536474539043663,0.35056675747183497
0.06460689407400116,0.35581320338460753
0.26647761876818893,0.3344187312040566
0.32704356681652835,0.3631836641984568
0.2704804578201257,0.4389660766373066
0.34373141512629934,0.3540474888684645
0.42901451360686776,0.4908457687825958
0.34284870367243153,0.5134999486742514
0.25501213108321236,0.5060151748818464
0.40044505160249944,0.40083826295376945
0.0027793775635493456,0.37789010571978376
0.15009272616220254,0.2917749568909286
0.4759973008398408,0.3069248131432222
0.29453359225360054,0.48764521290725127
0.4113380263824683,0.46742811616324575
0.22551893645860838,0.550400820925441
0.48433145174441433,0.531149374597885
0.4293129494833857,0.6261677392507735
0.09297795504093687,0.5944056083720803
0.12332912617135106,0.4719128804777667
0.16376239390359032,0.3531220447688608
0.3149615875288452,0.32545293597330627
0.1734396909103489,0.4992363550350435
0.17512996931299052,0.44888229924794076
0.06512676808831591,0.451982615411445
0.13278766751708837,0.3672928521479363
0.0750306773167283,0.3924133428481814
0.20920267864969122,0.3549401310346917
0.29822765025250175,0.3112547730795323
0.22270442155373088,0.31043174339249
0.4354486301057334,0.30705043301654644
0.4862074925060959,0.45570221192354776
0.41686173017673034,0.4520455809014188
0.2049527330149843,0.4321850353791846
0.17762242252083216,0.33255530991291005
0.31805143847106604,0.2969323322297066
0.31174459508480423,0.2789986245360052
0.3146795646154893,0.33079879261361655
0.14233912022654516,0.39803021972160746
0.16442667193054816,0.338498957299861
0.41112136241697533,0.3702643995286584
0.3424150168784356,0.5791546910328155
0.09548181995117694,0.5981694275214551
0.38703122050324285,0.427110302370847
0.2588582148788833,0.4156164664865215
0.3717056257100683,0.432001274442377
0.224062372004863,0.4934591697940426
0.1041599593182238,0.4619436611082083
0.34045154068562067,0.3650885793536399
0.41481151389454957,0.37529924350562593
0.2629619589392693,0.553178696155597
0.44242861175846815,0.531042041783592
0.4903213941364318,0.44622295723816463
0.31401501196683074,0.6189430560427854
0.40607072795196814,0.5528396134268244
0.43515735345029716,0.625771317345149
0.4666447856118828,0.59117211066408
0.2544598103536244,0.5016446220008361
0.43237999717592424,0.5098947055918808
0.15510644424603875,0.6572779921121973
0.06843358498307239,0.5420070867263007
0.4348270546923738,0.45915126621817104
0.1935366823095424,0.683932549313256
0.21640615086666287,0.5927186267046246
0.16198937755732606,0.5790410238220899
0.4520789866991477,0.5457089867266377
0.007028786073008386,0.7346583417919438
0.24957715373155054,0.5363529275522213
0.24624498508756693,0.579409125745337
0.490449200182129,0.5023368827114332
0.4526772556891659,0.4456012557955056
0.3771716769781405,0.6550157455632942
0.1402816269656797,0.5977480620436231
0.3764284865658426,0.49726933291126196
0.21180547916411813,0.48170089327603005
0.1405137608109479,0.5224329070469806
0.29930172942286715,0.40325243511481856
0.4463900708393329,0.43829550012513296
0.2590087083055552,0.5086413786916225
0.4054146225629387,0.5716286336381727
0.2593351950341337,0.6931538227121733
0.11923703649039286,0.6407489335437128
0.4010773142779831,0.4888712512039606
0.47555912632815195,0.6013575741059886
0.25560325937591444,0.5923619717794074
0.0027423207844288755,0.49331912065367733
0.29167496648786356,0.383203270323613
0.0009600492295430696,0.5139489801189373
0.015725310602329845,0.39556562567329145
0.33958522754408654,0.334524225995235
0.16706648148860903,0.4183803332660212
0.1686137216419225,0.3571090114615525
0.31433381494520807,0.39032711595543934
0.026565764683932847,0.5287597779390174
0.4984174789079445,0.3853387985206105
0.07299651413221137,0.2985821942341341
0.38562591814269664,0.2813136639762447
0.45068484400061565,0.23985974250900813
0.32845865478837827,0.22612033230561931
0.3214421608992488,0.3742680413313165
0.4497120685284129,0.35833174017358127
0.0619991493570774,0.38287420633701186
0.33023645511069494,0.3104427099761309
0.19552694829317824,0.25884855103159937
0.3745333605405078,0.3641639833981939
0.26738172591478365,0.306609468479331
0.26546152865149225,0.3942147161225529
0.45321529282058803,0.46110811955657227
0.10182419141141419,0.5408671763026177
0.40191169809829513,0.41281538082425695
0.06525530371115301,0.5731956385195424
0.2936394780146321,0.39281378910327547
0.1223291203446975,0.4421587574327486
0.09232126418637981,0.36020268567846514
0.4986968318037894,0.3364366425240294
0.26933906650561057,0.4719398588373399
0.43534745470199965,0.452321275169572
0.36235482916844086,0.6321581745971954
0.37735674838002997,0.4908598180529645
0.32705950944917905,0.5867904314777801
0.19355056601550286,0.44708706694656475
0.13083267246797592,0.4224927077997127
0.20937824811440037,0.34882478997628236
0.2880531929974149,0.31298471103867376
0.42931447945887885,0.4798234581604497
0.43881785413062124,0.5288395498256331
0.19945493782777896,0.6695442089136104
0.004693053560172189,0.5739614062260197
0.20484711259888988,0.414352148256126
0.26873566365925966,0.4239289848187815
0.2505235514974738,0.4031661816011072
0.04574886326153127,0.36239794206089426
0.43316285999268556,0.30495010267388656
0.33181284237724334,0.44686250383851644
0.4535492558233055,0.5506900817537397
0.2768567447742277,0.692570785861962
0.3837406416838719,0.5582879847222826
0.06619616254237815,0.40225548429911384
0.177890968006924,0.3327202182005741
0.028498616772519803,0.34601776970182846
0.28744971527330315,0.29063720184950836
0.31225001766206695,0.2692206598639791
0.16319388940022528,0.44010730076800697
0.18032523925584226,0.40852629971629095
0.20900732431399632,0.4328874647635258
0.10750150388424862,0.4069908436415709
0.387472317365294,0.36308821986001916
0.24854443037199092,0.3144345181344005
0.1472428643699905,0.31732208206869705
0.39872620645673135,0.258438085847875
0.4531334079998776,0.39470004828246674
0.3465082293553855,0.5018051910115893
0.17417393087739386,0.4316675403802456
0.30496023759062474,0.3592735143996849
0.1756756997688223,0.3713040465466281
0.31259929586293195,0.30876375153987223
0.13044877951913042,0.4302130290585586
0.08572636725836325,0.35702698569686064
0.28457426117845386,0.29263670284191845
0.19099288797584651,0.4122149117402615
0.04521405709610493,0.4330317124624068
0.17999863819265666,0.33780660309780863
0.31535080024065654,0.3114360455516246
0.44250084653083915,0.3939569317245286
0.4560290691671881,0.40665748900556353
0.4299805213327782,0.5107299031412247
0.48903961794276457,0.43658204490305275
0.1449945393324844,0.3788205959528149
0.47311379422396144,0.34967153363272035
0.23252348767052383,0.40986918545357276
0.1784557217901025,0.32006031564642784
0.1843684556806937,0.305901853035652
0.483916008930275,0.337465296049703
0.495950821035678,0.5873967173326612
0.4850276070339086,0.7342177989036555
0.39235939769325223,0.7935468209770482
0.0020814568162538793,0.8105227638783626
0.13526680701618327,0.5473535897078428
0.24679788088121396,0.5024035887430834
0.1744185726741878,0.47116178919829677
0.13423387399290554,0.41548750846816795
0.46954076983514065,0.37614143629635943
0.2082382233814215,0.6585324136604046
0.16138045093685638,0.6466341264340798
0.3223111527376209,0.6039689010618828
0.16428449632096254,0.6468120649594361
0.45442535557094493,0.4782194199901113
0.31790801867450763,0.46351396975641634
0.16880584644267516,0.4787135381575073
0.030495551166574875,0.4131818170820022
0.05565832223246392,0.3371338379586968
0.3194656667857437,0.3263581245546022
0.4047607226956489,0.38015037496271287
0.23452955951915533,0.4027807514002488
0.024792371653178158,0.4254680764198736
0.25789393815784173,0.32633884203276664
0.1286440484779166,0.43947957525378933
0.19942600373583153,0.38093404449698576
0.2867054748008801,0.33925949792895516
0.11530859685006684,0.27886153079853315
0.05632568182330194,0.24399297175266071
0.15399781481267588,0.24342003873697265
0.2719806187648981,0.3086444242503592
0.32180371608834657,0.340577141028507
0.345123185719358,0.2707951594490369
0.43626701716625255,0.3576985319984223
0.011075173425316276,0.3487915686560843
0.3310867634081493,0.2622394570487038
0.47010405342381506,0.3603193409594738
0.3504424307768553,0.34373062949386957
0.22719278893030914,0.2856656655817646
0.03747360105767794,0.28277121358783464
0.3830177842170721,0.24481479034012454
0.3343144905812725,0.39624376593534716
0.143144080097232,0.4544118718037249
0.14055141020945489,0.40580862833962694
0.17000323256716476,0.29275652537076413
0.479572456887515,0.32098152588323414
0.10392288003573869,0.5888342010622425
0.2625181816317361,0.43774051792670143
0.3768228184063163,0.40198700648342933
0.3698321141635375,0.318684613946808
0.2355691486064862,0.4696259963127617
0.15270401115561577,0.4549888940608966
0.1828413493115728,0.3635997788852867
0.13179486827296838,0.321347842842785
0.3737500645620323,0.2938090174217288
0.0776916563356243,0.5153476461016665
0.45502968795783194,0.37406123094815735
0.050268252550689285,0.46529811604465576
0.36567447475758197,0.3605680190057996
0.08365130645677293,0.48201143659129075
0.19860675323025018,0.3729901336925988
0.04101910335799874,0.33206214910925136
0.16253885660121697,0.27530687052475417
0.4406276239801267,0.26693397077040215
0.12134692661666441,0.4770022411300816
0.16977859676933033,0.3507723036198622
0.30588088776977046,0.38700583468579086
0.4038003284449282,0.3121155501096219
0.27965760171137716,0.47156635919346535
0.22619672527253054,0.3644549654289485
0.07938992129069045,0.3425107403553088
0.31481502984642545,0.2689427926831196
0.1686975642789047,0.3047257179006643
0.06792740296357574,0.3569452598723387
0.08456523748592254,0.284341143971083
0.11433297758666933,0.25579313413585797
0.4960518889099792,0.2720212549493459
0.2501031320952893,0.5260431563847664
0.23261184924638612,0.45340040981938523
0.14047613340533693,0.392683729358292
0.22170532362606837,0.30241708296680125
0.04399037284908003,0.34709207876699744
0.13068088024099167,0.27592160215012773
0.07081902775933108,0.24391800309544687
0.11863901945632166,0.22305919887592335
0.10918430345422958,0.22398373196441373
0.2635735136564565,0.28495213819308385
0.16527701107675447,0.33100561332497047
0.46160541441872555,0.3079187106765473
0.17726174968887465,0.33479796708032805
0.13182761865924358,0.3075175152246809
0.29401325536558254,0.24523905690060924
0.40944855686390547,0.2652721331760882
0.48541971985789634,0.2597859705931216
0.4179547261527709,0.30047649914358354
0.31343609271498624,0.3015764952582555
0.15715173121401427,0.3587028883508132
0.30552380946456476,0.3005971264239433
0.4236928772553067,0.44654359849092917
0.10603848459896287,0.41629206217206605
0.43256863180145927,0.312504248811869
0.3251155964807753,0.434632543335306
0.04796831247108446,0.5038758720564315
0.38769783361796556,0.37766902872146835
0.1361374318850898,0.5272280666773153
0.48143957368491735,0.4270824159075608
0.3154215680844232,0.4292747145011587
0.11178004422050791,0.4629617272894492
0.46457480534626167,0.41034701758103664
0.2078311025517912,0.38526124676268325
0.0027334024821730196,0.43269959463084684
0.4856268704611091,0.32614277929859137
0.28546405184422136,0.3026209010638359
0.1463407952830298,0.4185511069559138
0.24390470202838876,0.3417159540047161
0.3425608157207007,0.4459137827902969
0.28291055313873376,0.48404108855975936
0.0005647576303937085,0.3897043723731699
0.3119914044702777,0.29401813365319635
0.4613896593034213,0.3416350143102307
0.4195337911206899,0.2689007520684443
0.00888755098185956,0.5348557485776824
0.45822900666022426,0.3664721187631277
0.19178691173016116,0.3817300473772244
0.07331478135547814,0.35814930828227665
0.40643467115314386,0.3143368309716428
0.27367528990417983,0.42546226105731355
0.4822862754248428,0.30605483769721326
0.10464725747096515,0.4724817680511091
0.2900296949693728,0.4032339463126515
0.23006466490346777,0.480739194464474
0.022633226670619788,0.34448265820882207
0.12582906470631822,0.2852686455834744
0.24534834208833645,0.27557994885487336
0.3022294646820771,0.26016637750179
0.25697715424804907,0.4087158771163134
0.3982711575978128,0.40294687715946154
0.015702502681954333,0.5823348186161702
0.14057322135286388,0.3911849862517609
0.10513169243017956,0.35351404915045914
0.4898175009643579,0.30923620331126894
0.4085524996548896,0.2652702623200994
0.2510892520818211,0.30356889447469537
0.01786120876529551,0.3373988684811454
0.18903081747630673,0.2702906002120175
0.3914047559638214,0.30293497523783497
0.16954602567146893,0.4780049004821104
0.3425542240129342,0.333286147630488
0.08937151214211286,0.32795371080748026
0.19561009652428513,0.2662881071671537
0.37695730664479343,0.36613561369347336
0.15921248921525438,0.5003687209221389
0.41995455852956237,0.39729546932002835
0.19494799018838704,0.3015550219454534
0.028039221472614895,0.2991805312163198
0.11037718746094233,0.2596648360688349
0.402624846907936,0.2517978488187368
0.31818806388891446,0.4240116547583297
0.12000879213936072,0.34181902912156037
0.21197351740885623,0.2960060652076757
0.1577925923267201,0.3595402663329731
0.23056547886537765,0.307229344178211
0.19909614996775887,0.38715130708496537
0.16780648679469873,0.33685085094768186
0.398031164000497,0.26307445632423304
0.284818780841301,0.287271656987504
0.09428799530898396,0.4049440810426209
0.03656040588941395,0.3354856169363554
0.48117064014642935,0.2629071297789525
0.35327530945170554,0.37446230060572594
0.35592927752672565,0.3580954954651395
0.34875240594003976,0.38992474837439706
0.21472978551705318,0.38742079212635416
0.2494365685619252,0.33614581631129015
0.31115258789383615,0.40690932248494527
0.3495877439002038,0.42710146940077753
0.08955329857719518,0.3562325408522531
0.2624213868113779,0.2765205774484173
0.012898241095301688,0.4217983838807601
0.21293725765095395,0.31213711397302224
0.01961008076277393,0.36463988235215816
0.1846902113567368,0.28672297769519717
0.3826469682440781,0.2967653754466677
0.32694193687266904,0.3839098055897765
0.3052731307384362,0.4355788136650096
0.17244935647215698,0.46831693217360393
0.23285515161996517,0.3480186462959183
0.0998503906332569,0.3586109107786952
0.10503388528423863,0.27543674475902713
0.08276678878088295,0.2647959396506059
0.13653945088284952,0.2279848893615516
0.4436419128166758,0.2443651965589687
0.42191970791878036,0.46831339057166355
0.46457307169086853,0.5287860954458091
0.43456082514711514,0.5670841137097553
0.05042512298333984,0.4889116741655113
0.38979624099352556,0.3565023879771473
0.23149782901203964,0.33272573389977445
0.37038934050886524,0.29875809028595113
0.4253891854165748,0.2920501333566393
0.3580121937294541,0.3303082206658488
0.3566206647160612,0.5018752942745303
0.44723946409651477,0.5807839562645308
0.11430259024481843,0.7101217694506159
0.16270441474353908,0.5458696307518294
0.465397188217727,0.3971934042081915
0.019208170036775607,0.577587005754774
0.24982328805438042,0.411845959947018
0.4746429247278873,0.4580315311868314
0.2414482568578452,0.6503287585899197
0.11366448589093892,0.5926738720748398
0.4654993395220612,0.49940646137286104
0.42325569265796953,0.6975415468724858
0.044898826264210934,0.575071229716514
0.4707547264739735,0.4389080218411734
0.01252109435966925,0.6765839299215114
0.2694080761621169,0.492034464486758
0.24953704863672932,0.4836900952404801
0.42557952657422,0.5573376326286008
0.42047564964445344,0.5791606444149544
0.32473029098933276,0.5073830442625886
0.24282485938254922,0.6186684084698696
0.11880586448602065,0.6138091762409923
0.18363495122980555,0.46225048731174445
0.13572544068184111,0.49384266157541445
0.28214811488689256,0.38613238231859337
0.21524376042855142,0.4301437313068067
0.18892204032651877,0.41999393559452247
0.25355344532517254,0.4530418366480513
0.08464367421116492,0.508286766085715
0.340410814842091,0.41808197422227134
0.2786689161713208,0.44984344929389286
0.29965086038182975,0.3888750970744912
0.17997743605012068,0.3849586173027759
0.16069580248786308,0.33553400313563775
0.26885970473005266,0.33871113535185304
0.32948240775106724,0.35831991315488665
0.4817587912312836,0.37352665619826264
0.36193789855681197,0.47016216853230186
0.0800589253272383,0.38165297270943865
0.18598711422166747,0.3297912336470329
0.26436914376438286,0.3395285186271959
0.05030487885257484,0.3835169939868175
0.003570940306690751,0.2995039430343179
0.0879699096557619,0.24477610424132895
0.24189829310075361,0.25198452531868876
0.24561040906057324,0.3383973637835497
0.25285499179502324,0.436751480882954
0.06559703575295645,0.44421098429479067
0.3643259108850476,0.31776966703940146
0.29242082976209155,0.35077285924212487
0.09992633323490074,0.380950306836369
0.3545422797313261,0.28751317856098435
0.4033899676554656,0.23634929887643727
0.43223959539628953,0.26300732276358374
0.44995384575128444,0.37923678529919835
0.35437862422087846,0.4446742028940742
0.3971610341032656,0.4465466837532035
0.022984335473857698,0.3523279472694384
0.36789670523894047,0.2791967977730454
0.2247374961780158,0.39288071372847255
0.08289973818407237,0.3195710781119706
0.21582482331171798,0.2943064361385786
0.26701835275331415,0.36903553161146596
0.32977690567748963,0.4491682626697122
0.08958902054884998,0.5410283171674357
0.008979024052953088,0.4151269598394328
0.36565974714830474,0.3099899298753582
0.49029396503316436,0.26330256964068877
0.24179167868105994,0.49739397009039243
0.3460859135006279,0.4265208741527654
0.29827383150580566,0.35385305673320866
0.15149042263106194,0.3720686121985123
0.3154826809094463,0.3466636605071353
0.34122648707445263,0.4289588684746939
0.43214055067458085,0.3593674983790788
0.3465678225339981,0.2814296488993583
0.20985218916226217,0.4257315936902706
0.36482145124248155,0.46199065828260455
0.008139144011306554,0.46224843930601733
0.19302421128699582,0.33347351626904637
0.0058089806568430435,0.35019306952982654
0.04027876840786887,0.27330202245727253
0.17535216785713548,0.2519315644197143
0.28633836642893407,0.3110399580090961
0.39480067013939985,0.43351813939128403
0.36416011732353026,0.5129983164300653
0.16500328034369244,0.4664202300819923
0.04949238744280254,0.42017301792389716
0.1755524977766455,0.3068104133799614
0.17340137359430335,0.29901610942662105
0.3377494413890444,0.2454184532973508
0.08091824910005818,0.23723308996208228
0.17924902204119697,0.23378635099065556
0.09850181571847622,0.2876447284564387
0.07262149160810888,0.2941446039197799
0.004841187982400019,0.27649962964923147
0.17053571274325208,0.22655135206504037
0.04362428343127944,0.21265191480717
0.46633477878849666,0.20313791567681705
0.26758781338321597,0.3077916159752878
0.3848773030402743,0.36676046819471464
0.03231336831455839,0.30526964484476105
0.3107062075302772,0.2416978298993697
0.414930435638533,0.25131392116463236
0.39203353376510003,0.2543426609909629
0.11825620227033812,0.21279940999190003
0.2893041139182544,0.22156595547452135
0.33026381010249184,0.21395325765052864
0.42026061952710686,0.4227915716411914
0.22802662979404809,0.4546769957291955
0.4351431638181127,0.4350016015408692
0.08019969759895257,0.3171338632146603
0.14819710047559576,0.2804888649758105
0.09294827567143338,0.31935573989598
0.38279713538151483,0.30047784748657225
0.452099098604062,0.30579516988708266
0.17014791272588203,0.437946227494341
0.22252582992494419,0.3920439412040888
0.0778264839435322,0.42974745260052294
0.483208694440554,0.33445998154643963
0.18266679530933627,0.575143064197388
0.42523563417867916,0.4007060901480711
0.3696567270860162,0.3903964622627102
0.25692601394951786,0.344512809328849
0.04420338515842637,0.4182530813469455
0.03657448345358222,0.3397095630259881
0.4037330265704211,0.2802580932891644
0.4029403528891963,0.37356259143032755
0.010794654163659212,0.3317051287530197
0.4730543473309637,0.2701723196725132
0.20921741480535022,0.3609804271344135
0.12240176519454049,0.40510087397366756
0.3733352394895242,0.3605896327434416
0.3262309887428855,0.4148861325407609
0.42152374860768754,0.31984713991124347
0.20621736823189968,0.2743622320373701
0.311591620848835,0.35371830240811586
0.37151194136382587,0.4557251127840226
0.4414755976691464,0.32355788625923715
0.3587770497025256,0.5675828902165871
0.012833545012334524,0.4917408262335884
0.24534405165189832,0.34741804347559485
0.449934102344689,0.40952907825733553
0.28655140706747034,0.5240857267278616
0.17625699554486524,0.5449957495374217
0.45962016245103554,0.43499520004669556
0.07996893685230338,0.5421785150569105
0.34321652509942946,0.43305213330035053
0.05568973181054404,0.5572145568160186
0.18838707274948374,0.43233700079187387
0.45231366326158984,0.33530611358850837
0.03029827054280848,0.44351897310939026
0.05662103487016512,0.3567821470847373
0.04862626047690799,0.3135114652962506
0.4791776377608817,0.27578629113812464
0.40001082077968686,0.5699719859162108
0.0227761423612024,0.4403685760429582
0.47483878415103986,0.3353856029963791
0.39437652037168064,0.30836748908290534
0.238991508049759,0.36271800422156486
0.36517234951130756,0.4388234877629763
0.3645605527675361,0.3326121325435023
0.14235520731322365,0.29285045980128976
0.11630824627806619,0.2519822904422423
0.27139591706469807,0.30466167324814475
0.25590645673612716,0.4096544809760818
0.12403409309741337,0.30286630735768694
0.11304351493723769,0.329781680213155
0.11299225083798298,0.3207869158846486
0.09241536440042858,0.29042183636554175
0.22685361163047485,0.285296316789978
0.0765371739562471,0.35416097691338855
0.2914284262712473,0.2782383781742523
0.1289843637663763,0.2778292146873528
0.38231823762805545,0.27966697783068867
0.4528554213975247,0.37440639847297186
0.10347681070635201,0.35448665410758673
0.21346823347021915,0.2796364317043418
0.4489272487868531,0.2633440742745464
0.2026910144000737,0.28123009873256855
0.06061321977625417,0.2959232050401035
0.03587442760635928,0.24070009130197564
0.05914977304168778,0.22310021216193623
0.46460670426560524,0.2103926449233039
0.4208114541217592,0.45904455626768037
0.12613874650317458,0.5920131006089492
0.25319036745500473,0.39190086263367185
0.42108476637927555,0.36207715414364283
0.21897062933402595,0.5522776318905802
0.28547670965667526,0.43190745578389345
0.43450660598202606,0.3367120126646321
0.3816714234638014,0.28837251648863516
0.28455700644096266,0.2758553837958724
0.3915702416195219,0.434866686190316
0.1573839170965648,0.5673177189417268
0.36010381179465545,0.42005495053518305
0.3101737448013973,0.4480780582871893
0.43475108007591706,0.5225860844517944
0.21110422658417666,0.5113543098714041
0.2747237383008048,0.45213740264336477
0.07053932663783802,0.5109401617151251
0.19741922481021146,0.40687949909244336
0.21044310697362306,0.39889590048672685
0.038194352560268874,0.4364778939911066
0.2392267325678753,0.34198077366425284
0.26968057205489765,0.40789412634608724
0.15451729737825765,0.43833587194369183
0.1523859383203956,0.4293018141512892
0.29130593266947186,0.370078465654637
0.1251378753985089,0.40865202726199656
0.43924832738771563,0.3206201029668344
0.12746219121493568,0.38972874393071943
0.3367823051426746,0.333968799932042
0.30900035338238707,0.28422590988558327
0.486367431141263,0.3490835338522583
0.3347446119140258,0.46660788765801364
0.06632015817776538,0.40600438202214684
0.3974823118182813,0.3132544421948469
0.45237757987267063,0.42470691300377883
0.154524884277502,0.3908303735451696
0.13719999118565018,0.39095516224130034
0.05428555223636883,0.3168099684790453
0.4803565072272701,0.2807033694856812
0.26558068472372065,0.457708475543954
0.2829174433843441,0.517955511953932
0.3045192025627549,0.5001428623124984
0.12278599970621557,0.3803418535663383
0.10796437035745005,0.3628731365180258
0.1671391158866692,0.3551153644766304
0.11988066475143094,0.3154716328448144
0.2330948945216343,0.2804840985710365
0.09889188417269379,0.25596343965338353
0.14746393348578257,0.29548382072149515
0.4400033134430857,0.3023732506637896
0.06731728774160028,0.43135514346406834
0.20914808030467047,0.33520292034364046
0.4820073429879711,0.2946358240067497
0.4679545223648176,0.3140185204923739
0.016068224250000984,0.3614563917563929
0.13142182251718293,0.2689143680135411
0.35143739623657644,0.26884299105878784
0.41610724844142005,0.27483471632047385
0.32276659641909183,0.3177384957141787
0.18239600597354017,0.4587006910149368
0.20286040255350285,0.3323028597616774
0.25109634119062146,0.316943867786024
0.1856212699545723,0.42747253732053525
0.12612960781624327,0.4299493360932438
0.15120287189019183,0.30634492088935594
0.35739569872575666,0.2738204687676775
0.12592006180883314,0.41719410572601956
0.01971101724468094,0.3779151592932345
0.37694269408059744,0.2920455438831385
0.35454152544185025,0.3437884648878571
0.3198612401401873,0.3714887566033819
0.4755114514827099,0.3979891987157068
0.17105466138162634,0.4241887231041417
0.15983735771675084,0.33670966396307767
0.012434805332484367,0.2968873117843176
0.45003726620611983,0.2481631183939434
0.0916313808181346,0.30295960233093877
0.25582076597559056,0.24498110404785817
0.13812499464813421,0.3580611232459935
0.2764233975234488,0.3404064543338142
0.26293137352824136,0.3912863370772067
0.43813707895198456,0.47030297944270705
0.2673892120984956,0.4337884369467797
0.3581271253747901,0.36849944506108934
0.29849166113710957,0.2808941634666322
0.48349050485534545,0.4340713712185048
0.20476700941095416,0.3753566492258261
0.12451395447821423,0.36057931392602627
0.4516504959901403,0.3027204143861856
0.3132001245420913,0.4349660077023044
0.27582083821854453,0.43779957933259384
0.28549582938631335,0.4979594326637763
0.057548541405733566,0.4616608293257659
0.34369328831256735,0.3606948431744107
0.3305017777600233,0.43327058762536586
0.3111385698618924,0.558473402336584
0.25106842708570826,0.48104348425121324
0.0074595723502323685,0.39533122972629553
0.12362605844280139,0.3099127375017534
0.410747605510944,0.31878653296510195
0.30997019531830033,0.43339584467854486
0.30972359892952334,0.45486962907248707
0.11764246239007303,0.35888891436566683
0.39894969630921145,0.3419720392900028
0.089871262270657,0.47023592456320296
0.053567279953693814,0.37995141503543084
0.31952857975207977,0.3090927889730665
0.0005345126434910807,0.25460481107573196
0.00045107703849467384,0.22271311289706142
0.2416860607549658,0.20656230615853766
0.343810381195982,0.3097909587312674
0.3764004305405602,0.4039165574388124
0.4836338427172246,0.3533885081462824
0.2869115625331131,0.552899921974768
0.286456329632662,0.4002865755606614
0.4049524473929142,0.3110157619032341
0.15896886837551089,0.43909058774644427
0.07962840750555805,0.30769148513255196
0.3728026814320465,0.24632049873463074
0.45389197246530166,0.35253539723973815
0.21795499503383736,0.5046522864064834
0.45977989805146446,0.4721487919454087
0.11313559193872108,0.6682063317958722
0.17805241362608315,0.4913075703722415
0.4168735521318481,0.42690753579234764
0.46797703196491436,0.5713680570207018
0.3138441207524617,0.5109940597598869
0.473764361702702,0.40709020016366393
0.18040956225014515,0.5817376254451666
0.14096645535967106,0.542405725922244
0.25973899984002846,0.44920502366337844
0.44780268432500536,0.5289229407062926
0.055038390740077325,0.47161250076455696
0.18575211560290222,0.3736514195893903
0.3728272597488646,0.41911820748161377
0.307967528340399,0.5892114710082619
0.10801921294165878,0.5653334766673943
0.1146282542013034,0.48566984937677715
0.005508203389564481,0.3983052517696539
0.28084786626714964,0.316716275260743
0.4849508411404118,0.3772446543933854
0.06125282923865011,0.624283258618821
0.38667431744733366,0.436587078872674
0.13394763666773657,0.4388265397284311
0.3264334228563158,0.40861256524437084
0.49003484327926355,0.46819437511354545
0.33980030659792376,0.4256647020403208
0.18390131719440955,0.3793482794136497
0.11753157719212665,0.29638654362332684
0.32207664068212566,0.3002529237038999
0.47918282961149194,0.4867464476077722
0.38270138543578236,0.3938472026075651
0.4816945370264226,0.5195735266440291
0.3489943754372843,0.45962080678557904
0.4893426757649962,0.5038726146409316
0.45708111566526827,0.7175116492306094
0.00854106195457055,0.7090518966865644
0.400559914721455,0.4840462168856886
0.017393077095344323,0.43371879663324453
0.340532227179669,0.34712693119316446
0.3792884538773076,0.5366422203872505
0.27438750879623586,0.61570223631229
0.2537046023580356,0.6469553099186057
0.05992818179785908,0.6033315690580744
0.14075958566494307,0.4938588786209489
0.09724953340430353,0.48264831625224025
0.18523488783999653,0.3752232259894752
0.04596503819177494,0.4180305024039339
0.20868625371357963,0.3301385891073897
0.023588819632464897,0.3856911277151712
0.010562354551108433,0.3233949810230854
0.49559662403581334,0.27695892984347115
0.13348068355545706,0.4317382964189127
0.0638039652735305,0.33048035811501647
0.21292395526789498,0.27620275471979117
0.09860291172965385,0.2640587622147622
0.4727845856079932,0.2516620135620365
0.16622943908553156,0.2494736649482136
0.3410003410334688,0.265792188313834
0.16589392828605948,0.23240912778265427
0.2586628034248713,0.2060756365008508
0.02955159665254342,0.38280581382770607
0.015125231908567682,0.2760874069494704
0.32097699791006884,0.22202940848263084
0.22002052993897014,0.2982834469016662
0.49534565845444695,0.2615298636753467
0.10025728241130027,0.5643489906514506
0.4409167304301384,0.37779405767646645
0.04368304460238864,0.4971828089460245
0.37157567328303825,0.34252118553729405
0.19026616056647316,0.4056449744166776
0.3601668483940463,0.30371611741660587
0.11349379395985337,0.253182770521611
0.1204464923532721,0.2752372569808669
0.45601464837179784,0.27158201133335114
0.07633887354129609,0.5685449320456707
0.42866062952964934,0.3917659818282977
0.3315172925826498,0.5732606892347311
0.25123149122163113,0.40498894145856756
0.48794846554616395,0.4382783607795291
0.3207815294235398,0.45590554277467066
0.0100509702962156,0.49980672755861255
0.3086032599371151,0.35492699732587774
0.4761831020398463,0.33737669331170006
0.3274504256405335,0.5994085960896658
0.19722467743610445,0.4559095372754397
0.0816348525817649,0.4664312559992113
0.09478516478269289,0.3874839529522155
0.07893861261013718,0.33722119179377474
0.37970339041164913,0.33199805652714465
0.40844931842448656,0.4524611356688245
0.42824730192712007,0.33743402367006103
0.020545147529521468,0.4679780749683924
0.06015629093789138,0.3527283641134472
0.1812252639569893,0.3092457254073403
0.35668187312335464,0.3066726326647633
0.2018332351819167,0.29317411752856903
0.19165636572785538,0.2690737856973864
0.13335541428843306,0.24993845122455285
0.3522532856965054,0.29305822122703845
0.10076935361675088,0.4525539374186561
0.34742777324801616,0.3758897446997078
0.4201096857486561,0.2868171613849224
0.29757587801281055,0.26968868735862783
0.36250535879495893,0.30368317643621323
0.4157910550560473,0.4321328308732596
0.47837686604499924,0.42522377411063994
0.4356803454629171,0.43648943208847946
0.12568368649890677,0.3950389672028749
0.32556046283165335,0.357421453729057
0.014389588909761108,0.32318358152539045
0.21244492819559235,0.2627171207699809
0.438165377917117,0.35856600778757464
0.24668312143843218,0.46705003567191805
0.29792950637320575,0.4620915253226445
0.16676416552996226,0.5150100620924631
0.27545275603259733,0.47724110374088025
0.4238735067454936,0.5199424420320347
0.4276673826639581,0.4434766203134006
0.09934358035970708,0.5347255499219509
0.3092007013474297,0.37923915815280795
0.13544224691813267,0.3961169132133022
0.48572633042310875,0.39803934338417246
0.03778371804125835,0.490550930923081
0.27468436123252876,0.3772803971798411
0.4195074581504377,0.36737999881029304
0.35344159138010045,0.4640752851229285
0.21273949234470296,0.5653640066259545
0.3101605243339356,0.5309212037417116
0.3087709167759478,0.4250503463727432
0.45753107635861123,0.4641073147383411
0.15274450845185322,0.4361199316399954
0.09690110973007032,0.4406628966890389
0.02766160509921678,0.33819525674959366
0.06867420958615422,0.2874136855722018
0.4105894562809195,0.29150927216285716
0.476273564516208,0.46698167001175805
0.2911830495612741,0.4912256061406991
0.30580556579446594,0.48531217175102415
0.33972688593472966,0.48736337912182903
0.05518214415564349,0.5814380335455254
0.20342699019689775,0.41226462406594544
0.07877187426257048,0.3415212516051933
0.018983623630652702,0.27715782124563415
0.3693791661728891,0.24222769991981788
0.10606379610512623,0.4495412316304537
0.0649094760695837,0.4058265513777145
0.14393265170470765,0.3347923074409145
0.18559655820488874,0.3337112864972047
0.32776212986041187,0.3591953889307897
0.2862382076522681,0.3020163450779477
0.36593138340237075,0.3301702384560956
0.33206970808433367,0.2980241025503144
0.25443597819502006,0.24852375488465503
0.3877927964127791,0.35658863417833164
0.29199725279607763,0.32962070261314125
0.31523381536838,0.28167848243165255
0.2545058266006819,0.2972691026837402
0.42123545415250324,0.3066574959027227
0.14231905532041006,0.44677611240445314
0.013438713521317092,0.36656298172179547
0.12456979761827247,0.277129434189479
0.3178674076235042,0.28965068800370175
0.060625400382370465,0.3545612978263297
0.03179421802567933,0.30025128638629817
0.4909018492669937,0.2527943221734972
0.1172429792524543,0.44807159655965756
0.05449360380870366,0.3540017913480017
0.07525398874637873,0.30075008755470495
0.01642110594520002,0.25727554557300614
0.17154746813443883,0.21869126327680463
0.47786075493196434,0.2310469892424084
0.1721956111125566,0.4318976466158164
0.0808327455104117,0.3132381019503495
0.24742539313902268,0.2465039443216982
0.16001806937490692,0.39378805385146554
0.3904835717700048,0.30919076863110984
0.21796350060151948,0.2719258050535672
0.22642682765904043,0.24662123341881573
0.30738983564706307,0.2155725500933006
0.4623164695900102,0.27479571150848003
0.41598749945071045,0.554143570226343
0.0793950368995463,0.4639509524496178
0.40592095275384776,0.3251255483349399
0.02107599190709708,0.40186241185190585
0.38959805796693636,0.29507898067674965
0.42443580773430367,0.46626886406013635
0.3542469444478866,0.4606027414993572
0.15045998496158508,0.4438014875891214
0.4925681347695042,0.3890832320571359
0.27446042294550044,0.6375786461851806
0.4417981791980285,0.6039943998862062
0.1453789512023203,0.4693298249830945
0.2021352035224454,0.43474600965019483
0.2748747518863021,0.3368566937003531
0.4774564496974631,0.4381146947449315
0.01844899124823568,0.6379359173977966
0.4137931438667645,0.4559486691683601
0.4511492542557068,0.4406816073469615
0.23256446879682813,0.6722761299945554
0.356310281437467,0.569780988138108
0.4444892944956218,0.6512051911102501
0.23494096906694312,0.5585718376786694
0.11462001311348813,0.48392656391220956
0.07463950739114683,0.4193541496582788
0.058157517195786324,0.39097357900359253
0.015133495201315628,0.3221313170650108
0.27324696759284256,0.2859992839643224
0.12236877600098739,0.4392794412735853
0.03887289502655328,0.3797560432055702
0.32104591112768066,0.32016671850460166
0.322395919582537,0.4781594864176433
0.3151853842060384,0.4545681926542987
0.225004994003291,0.38089014133313537
0.48677601691319217,0.31318502322159913
0.22822679186304412,0.29537882485657563
0.3402164411486585,0.2479892946801876
0.4004119292192989,0.35842214860849253
0.4877345114185836,0.346754474963232
0.3347984817614316,0.29445287081011107
0.27706999167723073,0.40094592937597495
0.3727261055892299,0.42585694237955474
0.03254441921213308,0.4788915007477289
0.012637009410957412,0.3394814893853654
0.3026070598699771,0.2705038563818708
0.3711792005424777,0.3315249924352963
0.40850723582413484,0.44681046440219885
0.4192894388211888,0.5619178494208098
0.2084592885199062,0.6848218859944398
0.11344376437878567,0.5551524947761828
0.48595094954739876,0.43848925332798505
0.07560239838874727,0.6026301546601144
0.4880500374894372,0.4264058497364033
0.26888063266689816,0.3364773369770415
0.14646074833831002,0.4013015950104848
0.41926054579155364,0.3979573324772291
0.2778152569987079,0.5728373865696016
0.4171763494952054,0.5891576924954554
0.19442449679890006,0.5546372520421187
0.39368857402279667,0.4346696613227613
0.2389441995886914,0.6207041285871916
0.48728956805068924,0.466522306857012
0.3057860554601663,0.708670224777603
0.35840626563919564,0.6160372210246917
0.4422044755892372,0.528724660872817
0.16561060378833647,0.6818484810655219
0.3191159393299609,0.5704114183623759
0.05717516874582046,0.6354179989610381
0.30355973389507346,0.4921315447368614
0.24892260082184986,0.5685157005818307
0.3271663940739095,0.5271716118870613
0.36647830941289433,0.6500485065616506
0.4746487634642546,0.6574417524078536
0.2934224949783635,0.7472656430437593
0.3567995154668314,0.7451920827942212
0.03389041776341567,0.646012886448055
0.25159169098472683,0.5115697204115054
0.21338362065395095,0.43314278596494327
0.294919707304378,0.45658188756777396
0.21043690209939142,0.48276483412501126
0.21012680491414182,0.4894835831424953
0.16048368401988788,0.5047830250139015
0.033445817084004126,0.5089079369539921
0.11068913677102771,0.4079967546805131
0.41436054171375186,0.3874422145140506
0.3798101379473872,0.33083877481039964
0.3940416835242007,0.41724947575400695
0.38012468855014847,0.4434931664905909
0.2403779195421396,0.4994309154674599
0.1838354679910566,0.43738836032836514
0.3936778822560781,0.38597587163770664
0.3745498743123182,0.39399953619322536
0.09737608101218298,0.319981096275681
0.05961161401931664,0.27653897582854053
0.4851390313641467,0.273831907324878
0.2800268643066481,0.5102774717085224
0.2619080156918405,0.5195847938562891
0.23307728854031556,0.5107007496994298
0.13106080364935618,0.4426513968405783
0.29307915003908735,0.3590360013948506
0.49846650157041056,0.45245292754178457
0.37432871273738855,0.607613289178194
0.2580606303808216,0.46676649271236625
0.18804657589412876,0.36624771615768026
0.16775088394553445,0.42929094325111883
0.23079089509085826,0.39937340824178047
0.3900570362463402,0.401412688809906
0.3673016581730792,0.44581817577880245
0.20420501197645774,0.40337977965625815
0.07197868847387434,0.3981460667976956
0.40228260770867075,0.36026716645764045
0.051458623695375294,0.511025880197251
0.14340263608775983,0.3800755010873442
0.4518148505158544,0.3322933805527629
0.4994473681984847,0.3808500747828806
0.4827670009649912,0.4635676327897481
