X_1,X_2,X_3,X_4
0.0,0.0,0.0,0.0
3.62289344197648e-5,-0.3392978660130109,-0.04564079043436709,9.395252197211462e-5
3.6642175184730545e-5,-0.3903623070276,-0.042555273856994036,0.0001802329401181906
3.97454442694171e-5,-0.44037700448474526,-0.04895521423386577,0.00019315370833867583
3.989464146544316e-5,-0.4853335054384609,-0.05403400025751077,0.00021396716976292422
3.912688932042629e-5,-0.5229178136228222,-0.058220605182858244,0.00023046465477293012
3.7771540359330226e-5,-0.552551163470242,-0.062127318907554005,0.0002435543785395493
3.614898039187985e-5,-0.5745313383962573,-0.06407956114413438,0.00025362573899442793
3.4480138229984617e-5,-0.5895863104467775,-0.06598762643489428,0.00026007596122239955
3.272665721775044e-5,-0.5984380402098685,-0.0668452385159669,0.0002642070428246025
3.09975779963637e-5,-0.6018688687608452,-0.06722792653723801,0.000265712754146747
2.9314908151259625e-5,-0.6006902278713341,-0.06716423857144138,0.0002652888285302773
2.7768234528618042e-5,-0.595797308630711,-0.06654788457144595,0.00026322446262555576
2.646218713849772e-5,-0.5882178161643776,-0.0656726238998137,0.0002598661536105607
2.5509001931957072e-5,-0.5791495498432846,-0.06472331413428586,0.0002558649393094172
2.5082304395934827e-5,-0.5700493409126299,-0.0634810925071327,0.0002518771144797986
2.5437036695458528e-5,-0.5628057715858542,-0.06297474029330503,0.0002485401316376096
2.6789957169881902e-5,-0.5596618229984508,-0.06259002499217793,0.00024725846708504527
2.934748048165872e-5,-0.5630255437091016,-0.06305260889784867,0.00024861868449564374
3.2895852194414194e-5,-0.5746032720524098,-0.06418829407543052,0.0002536785906365432
3.6850504291706736e-5,-0.5944635516575394,-0.06637903059354262,0.00026221469393962346
4.022063363491739e-5,-0.6203145946738671,-0.06923849087748825,0.00027346572677291623
4.1981164139184656e-5,-0.6475987522813282,-0.07240360980557715,0.00028540361031788216
4.1681784621416385e-5,-0.6711137397076071,-0.0750084852829877,0.00029587549175743406
3.990685086242397e-5,-0.6875530929939869,-0.07695669660599201,0.0003032574874631551
3.768950215443598e-5,-0.6965145762612392,-0.07785350068462805,0.00030744322392766966
3.5810701847569446e-5,-0.6996221631454848,-0.07820789082963527,0.0003088982491823167
3.4599267997598504e-5,-0.6992093134014654,-0.07812543881030905,0.0003088116735155478
3.41331424351758e-5,-0.6975485616468665,-0.07796935069238002,0.00030808773766177495
3.434628058157645e-5,-0.6964961447179255,-0.07786707281763597,0.00030762034000353177
3.5108651827030024e-5,-0.6973634522223405,-0.07806078539515736,0.00030793394943466704
3.6230672021186634e-5,-0.7008354126550491,-0.07833263528088118,0.00030947847073684026
3.749965132126125e-5,-0.7069821901505684,-0.07913414888297136,0.00031203683854453624
3.866395925858843e-5,-0.7152686590929432,-0.0801008251581432,0.00031571789463172317
3.952731803785905e-5,-0.7247133553958687,-0.0813025091368112,0.00031986131373332806
3.990489228212804e-5,-0.733995343583372,-0.08215957487074778,0.00032402734194180685
3.961209243452929e-5,-0.7415027925841832,-0.08292122202240025,0.00032729885952081944
3.830183955830407e-5,-0.7450094939297079,-0.08324771528851332,0.0003289341328214405
3.5560066198160186e-5,-0.741556295766527,-0.08292186651781651,0.0003275871176311582
3.138681814396719e-5,-0.728477074993197,-0.08137715889460823,0.0003221214582880536
2.6762029873509284e-5,-0.7056407788602224,-0.07790134399488793,0.0003121902507843243
2.299115711404319e-5,-0.6761372068810487,-0.07582825756505028,0.0002987884587178809
2.0443079505053532e-5,-0.6438415156979241,-0.07211028676500698,0.0002851281749526984
1.9065839387375665e-5,-0.6119111984261422,-0.06794672496498022,0.00027081995511793884
1.8446635615864428e-5,-0.5822514985880571,-0.06527691529543223,0.0002573174399257855
1.8204372819260907e-5,-0.555663726653959,-0.06223391789402962,0.0002458259291257358
1.8171058725552452e-5,-0.5322520951713575,-0.05962764099804215,0.00023535019701281692
1.8065429669934635e-5,-0.5115069441305277,-0.057274109082087854,0.0002261436003896777
1.773895200987582e-5,-0.4925683487453177,-0.055149067313258554,0.0002177239316855449
1.7103532290736487e-5,-0.4744609139370929,-0.05317532759106269,0.0002096957452594705
1.6173821648519627e-5,-0.4563510840087019,-0.05114592791853179,0.0002017055465842966
1.5058037806833004e-5,-0.4377444824354807,-0.048998718846077614,0.00019346209035323478
1.389961657340911e-5,-0.4185591121805861,-0.04689409146420573,0.00018492956137841597
1.2833016520605263e-5,-0.39908173054696444,-0.044762221730651044,0.00017632874732031442
1.1999720139530436e-5,-0.37990147392436113,-0.04261159951780016,0.00016786326582586984
1.1554946485399816e-5,-0.3619118820492797,-0.04059189261533069,0.00015989846744919944
1.1721375940246364e-5,-0.3464466308445154,-0.038793014596222385,0.00015305879437389763
1.2832297560255524e-5,-0.3354772038372361,-0.037536683569253965,0.00014818710224783374
1.5241173384242509e-5,-0.3316261619255145,-0.03717951697001711,0.0001464961202546807
1.9130309719659026e-5,-0.33767891137563893,-0.03772009237467116,0.00014923548717489193
2.422215633427235e-5,-0.3554314103342888,-0.039646172199636655,0.00015701288255752638
2.9590004553211296e-5,-0.38430333222764385,-0.04277025618940031,0.0001696996972037998
3.419061374788747e-5,-0.4211823233951135,-0.04680221694484544,0.0001858385879270499
3.7471302750845404e-5,-0.46187749970768915,-0.051372565268316406,0.00020363644499688633
3.9497525731878284e-5,-0.5027774730557487,-0.05591778964808249,0.00022159133043058617
4.0611326100567544e-5,-0.5415004846120874,-0.060306112724361524,0.00023855758199760194
4.109338464287096e-5,-0.5767027953747762,-0.06430282276565312,0.00025409277760923615
4.1130271962694045e-5,-0.6076752327683144,-0.06778815436213578,0.00026778655213670506
4.0802411440108796e-5,-0.6340189900892437,-0.07080792448418452,0.0002794428627007099
4.014696548842851e-5,-0.6555061229699004,-0.0736841651205773,0.0002890217619162668
3.9198187218472435e-5,-0.6720136421949768,-0.07528337852009484,0.00029662143603014103
3.8062606719926424e-5,-0.6836501568705023,-0.07651441060060712,0.00030172410572865257
3.679145390291056e-5,-0.6906937561473783,-0.07719427916443783,0.00030491343052623703
3.551057389175514e-5,-0.693673906792125,-0.0775487928331511,0.00030626662449937314
3.4353279103700656e-5,-0.6933889987672008,-0.0774816739342895,0.0003062402164543168
3.351498907592872e-5,-0.6909979099521312,-0.07718371961431932,0.0003052156652313124
3.3228994830152495e-5,-0.6880934314360118,-0.07694554677674101,0.00030392652623945684
3.373215495559833e-5,-0.6866547596255989,-0.07680837626819297,0.00030330456825934817
3.5173120170030194e-5,-0.6887907524248338,-0.0771670685145399,0.0003041631143876993
3.743505039268649e-5,-0.6961173383518854,-0.07816740496891546,0.0003073258830103461
4.007097181680097e-5,-0.7089837236653852,-0.07926197795349571,0.00031293585106845
4.2295923285635474e-5,-0.7258095184123441,-0.08113780520713168,0.00032006389732465337
4.3055832218264395e-5,-0.74267801221522,-0.08304490379199898,0.000327494847333058
4.1593143396005146e-5,-0.7542193792039255,-0.08433156515454265,0.0003327541036280817
3.8066124326225704e-5,-0.7559621452371604,-0.08451093477756946,0.00033382582074910225
3.354667180486514e-5,-0.7464835189991605,-0.08348010237105426,0.0003299860368412512
2.9177599867646315e-5,-0.7273479942067482,-0.08125232998857902,0.00032177686000857143
2.5576623082736042e-5,-0.7015428347483591,-0.07853530664231621,0.00031042932979770366
2.287173533364756e-5,-0.6721058669754765,-0.07518705657347852,0.0002975222005409805
2.099752307107111e-5,-0.6415398593144938,-0.07183091370929798,0.00028391812851526205
1.9800907793369654e-5,-0.6116786342399814,-0.06760077300743919,0.0002706866809382756
1.9205197220271394e-5,-0.5839025535697879,-0.06544862902163935,0.000257882118780912
1.8947524476249337e-5,-0.5589600391926741,-0.06264351167433167,0.0002472702882704687
1.9043212838145864e-5,-0.5372875833308505,-0.060152305065635285,0.00023759630565973712
1.9221196057392473e-5,-0.5187322679845043,-0.05812963855967789,0.00022930542097541668
1.9211257696701115e-5,-0.5025066401904231,-0.05621492021443023,0.00022215154984556556
1.874025024774348e-5,-0.4872004140540824,-0.05457265265516775,0.00021529124441581197
1.758892852497462e-5,-0.47105989692230665,-0.05220370009109097,0.00020819851765971703
1.5877782710347525e-5,-0.4527227135000744,-0.05071477623163381,0.00019980083169507452
1.3853039325185853e-5,-0.4317405435225718,-0.04839759834791924,0.00019080706854290045
1.2138178361990037e-5,-0.40902497123785037,-0.04587094759956483,0.00018074613540910422
1.1053273895495088e-5,-0.38629958360541866,-0.043368292110111215,0.00017068969106546903
1.0770223393715664e-5,-0.3655345312074954,-0.04099881718367169,0.00016152371387848
1.1379056803145147e-5,-0.34867211084205135,-0.038718611119789324,0.00015404673200817678
1.3019183075158632e-5,-0.33775028696608744,-0.037748456570856424,0.00014904318049953653
1.5773797382179487e-5,-0.33487809362521925,-0.03750760250396799,0.00014792811389092157
1.9748856151705877e-5,-0.3420493091883599,-0.03819907212967574,0.00015114795897787364
2.4621395885440427e-5,-0.36029573350686894,-0.04012803735153817,0.00015915126877280044
2.9649528234926727e-5,-0.3887673706278586,-0.043244533346950206,0.00017162659573732026
3.399226376385861e-5,-0.4246424653041815,-0.04720945199977089,0.00018734909738934814
3.7176482430678574e-5,-0.46419245474374193,-0.05161258272789547,0.0002046716367356654
3.922533359732122e-5,-0.5041184729582873,-0.05613384646612992,0.0002221743808002556
4.042947227797326e-5,-0.5422144356947269,-0.06038857409094693,0.00023893766027093652
4.109574736251968e-5,-0.5772980425686797,-0.06438362130767358,0.00025435804399714294
4.139136009744524e-5,-0.6087959871284266,-0.06797905044362458,0.00026827785180048424
4.135674070302871e-5,-0.6363240258282966,-0.0711215662668397,0.00028047041061072826
4.093001148714736e-5,-0.6594142394870333,-0.07364844402638943,0.0002907336141093979
4.005994478672415e-5,-0.6775261762559147,-0.07570551160988045,0.000298778805410557
3.879602968653708e-5,-0.6903039962148236,-0.07712993439248655,0.0003045463656582703
3.731966111658772e-5,-0.697857362220589,-0.07813046691758674,0.00030798432325253967
3.584266322746761e-5,-0.7008032936087681,-0.07830900980554306,0.00030949223799386824
3.459609018334769e-5,-0.7002368899192698,-0.0781869771158367,0.00030924930028698115
3.376735503938853e-5,-0.6976089298677723,-0.07801368292720201,0.0003081119944955541
3.355597106288954e-5,-0.694675280223296,-0.07765984898644127,0.00030689494331328745
3.415110135994251e-5,-0.6934287933503398,-0.0775641443278226,0.0003062742561053244
3.5619690183092094e-5,-0.6958123808386125,-0.07781577168482409,0.000307256774961157
3.783263730356578e-5,-0.7032382452883926,-0.07862333698350367,0.00031039566075051446
4.0358921238073506e-5,-0.7159300391844605,-0.0800107082478157,0.00031583683506505704
4.244106183666801e-5,-0.7322671464618161,-0.0819267968676851,0.00032290771097555473
4.31002340360172e-5,-0.7484517588727488,-0.08362151487559538,0.00033008879868896574
4.1600315974722835e-5,-0.7592861744156261,-0.08491091181660651,0.0003349497902869742
3.804156723722824e-5,-0.7603331917723186,-0.08485163375762991,0.0003357882150029754
3.341140105557827e-5,-0.7499716179499448,-0.08325757264050761,0.0003314670736758379
2.8835013109012872e-5,-0.7295691369663073,-0.08169984267548813,0.0003224910785897744
2.495861994483815e-5,-0.7020198401565438,-0.07853165059151199,0.000310826076886554
2.2070302590713866e-5,-0.6705650509817987,-0.07506774402221283,0.00029683512323588267
2.0079832039288246e-5,-0.6379403876719366,-0.07149597206373527,0.00028238498406870917
1.884881231485621e-5,-0.6061972459043343,-0.0679309621667839,0.0002683189690380345
1.822121621848996e-5,-0.5767349414660122,-0.06454687566732377,0.0002551787278925642
1.8037132910637866e-5,-0.550392814335404,-0.06167050726414318,0.00024340631512582812
1.8118614181538667e-5,-0.5274885291692594,-0.05911423241247405,0.00023325341062343423
1.8266224333493792e-5,-0.5077778607929293,-0.056327458528014296,0.00022450217681649652
1.824962534890639e-5,-0.49046377257360385,-0.05501619247621681,0.0002165252987512666
1.7698829843932217e-5,-0.47410241720002394,-0.053082782320248004,0.0002096146161274785
1.6599253988221583e-5,-0.45712043674898,-0.05118216029963055,0.00020200136837950728
1.4951151101266798e-5,-0.4382489558872277,-0.049085941918158425,0.00019365760926963606
1.3115368473913981e-5,-0.4171816779697435,-0.04675897812574667,0.00018433959718352447
1.153662913005387e-5,-0.39474335983479447,-0.044305159162207855,0.00017441502967441102
1.0550201542899124e-5,-0.372517823044981,-0.041740647425589375,0.00016460581918010598
1.0332316773337215e-5,-0.3523422872259973,-0.03950950783365254,0.00015563767082385886
1.0976169170819454e-5,-0.3361095769263246,-0.03771495829650566,0.0001484814666836206
1.2662690840586165e-5,-0.3258985181851119,-0.03649038950680424,0.00014400236001311395
1.561445119880599e-5,-0.32406558620212395,-0.0364161761024765,0.00014317338495214437
1.9881709121161593e-5,-0.3328677438149358,-0.03711193094950945,0.00014715938652215844
2.5150622803978205e-5,-0.35348604789549704,-0.03939693926168018,0.00015610506729836767
3.046715280837699e-5,-0.3847940935245499,-0.04278446425764824,0.00016989986398326717
3.489308142433563e-5,-0.42339184623248954,-0.04713509427074505,0.00018678167916616993
3.793868115758108e-5,-0.4650301207109878,-0.05171759405631024,0.00020505823464014492
3.975135187755397e-5,-0.5062074646929343,-0.05632970070517037,0.00022308631365899637
4.069601917303031e-5,-0.544750739041554,-0.06066841911642907,0.00024002156638360092
4.1104915792196354e-5,-0.5795882475303342,-0.06459947650692689,0.0002553627396254004
4.115040631995036e-5,-0.6102438227684522,-0.06810234891040258,0.00026889522631702665
4.086122229872305e-5,-0.636406498948392,-0.07110334578710181,0.00028051496881149315
4.019757707290761e-5,-0.6577133733347093,-0.07347262173352521,0.0002900138809585508
3.914042851404961e-5,-0.6738011511571422,-0.07557705217815083,0.0002971922969447139
3.775331521160873e-5,-0.6844997132589298,-0.07657963298213148,0.0003021823735829246
3.623271333018095e-5,-0.690096918916489,-0.07713849916312744,0.00030466615500902925
3.475189679958089e-5,-0.6913096067954836,-0.0772449706357252,0.0003052757974925143
3.351371784521126e-5,-0.6892550658982621,-0.07707070653439047,0.00030443514767798473
3.2717009877158036e-5,-0.6854027267620999,-0.07664295103401206,0.0003028147457648773
3.258144083814991e-5,-0.6815704095887999,-0.07617503064382576,0.000301120999482485
3.3304983641576446e-5,-0.6798459162177065,-0.076038131281949,0.0003002738924316166
3.4969589788352024e-5,-0.682288516775885,-0.07639602848176962,0.00030128209955183465
3.741995976233331e-5,-0.6903589862357933,-0.07756877460890448,0.00030474755843910715
4.01558364433221e-5,-0.7041431194323859,-0.0787258056622735,0.00031080702832323733
4.2361062514465646e-5,-0.7217444389077161,-0.08072565224075408,0.00031825560348366986
4.296620723397132e-5,-0.738938375148538,-0.08280450552406787,0.0003258610805204088
4.129868131439649e-5,-0.7502645730584062,-0.08387777020921318,0.0003311066454398999
3.7644307412317526e-5,-0.751479642370697,-0.08374019766221882,0.00033185596074176185
3.3095781012369626e-5,-0.7414339689910943,-0.08233650631423556,0.0003276202893224552
2.8748700888607345e-5,-0.7218487375560133,-0.08077496177742347,0.00031906275301577143
2.516946427339185e-5,-0.695729395180844,-0.07783059623715352,0.00030794014490018
2.2563918203490113e-5,-0.6662335940785447,-0.07456390868517739,0.0002948725623523056
2.0832416595488347e-5,-0.6359677879903947,-0.07121447377552657,0.0002814597424461309
1.9840641388037028e-5,-0.6068812129159612,-0.06801477265982568,0.0002685349923320487
1.9436459089425267e-5,-0.5803135156300486,-0.0650221919815655,0.00025674712317982776
1.9478245627922853e-5,-0.5570723362980172,-0.06240058736210006,0.0002463777502346417
1.978312594246411e-5,-0.5374308069268992,-0.060128297722642325,0.00023762049918179013
2.0118248838588582e-5,-0.5210549564363686,-0.058346930389330344,0.00023029706282854523
2.0171502559349296e-5,-0.5069026010282532,-0.05638292261420771,0.0002240468092279989
1.967146623777057e-5,-0.4933431891486638,-0.05517819754075135,0.0002178423699906031
1.8376182914995706e-5,-0.47843090097775226,-0.053509052896011065,0.000211414558724074
1.64664051208951e-5,-0.46072511677271205,-0.051211827830037755,0.00020357845813584496
1.4355550410582963e-5,-0.43997357446385615,-0.04938724223775336,0.00019423771730789078
1.2521394453515804e-5,-0.4172289542709549,-0.04683425574115153,0.00018443407359855423
1.1431414630155272e-5,-0.39444141820361067,-0.04420813480746545,0.00017434041281423252
1.1196190879200996e-5,-0.3737105850426098,-0.041926978298754615,0.00016510192492283826
1.1880571482234048e-5,-0.3570741989134262,-0.039643690086973445,0.00015777578254968271
1.3658217403393231e-5,-0.3466813451252577,-0.03886569039142386,0.0001529853973976168
1.6577375390247693e-5,-0.34469269129230784,-0.03873146674575745,0.00015232412160678184
2.0714928527554587e-5,-0.35303804882044243,-0.0393898070440383,0.00015605834693906387
2.5640033912862e-5,-0.37244231179460957,-0.041507482259793164,0.00016447658086622
3.0511282910937027e-5,-0.401584347082486,-0.04464459295613895,0.00017727962699599957
3.457098499181606e-5,-0.4373500155872609,-0.04867476076715711,0.0001928965852753504
3.74564240803723e-5,-0.4760728085055554,-0.052947387085057425,0.00020991476032980276
3.931641331877983e-5,-0.5147763670942775,-0.05735715723012161,0.00022686186492628242
4.044684983600328e-5,-0.5515983777944713,-0.06150098361194893,0.00024308590484972586
4.113795804495151e-5,-0.5856112986058255,-0.06527863000248987,0.00025805384511644607
4.153211155972276e-5,-0.6163929903637666,-0.06888734574283288,0.00027159397021241343
4.1627872270379115e-5,-0.643618625196496,-0.07189972577036449,0.00028370878109034434
4.135080690902317e-5,-0.6668116768097736,-0.0748521499601203,0.00029395957778968567
4.059075830930208e-5,-0.6853040900299737,-0.07654160454577598,0.0003023814404825875
3.9424757287983326e-5,-0.6986428643996015,-0.07821701067909338,0.00030817382275269813
3.799146491571917e-5,-0.70680804820897,-0.07897853347672712,0.0003120109762461628
3.656339962421428e-5,-0.7103975995802593,-0.07942596822764152,0.00031360375441211413
3.5347725303222015e-5,-0.7104861089819672,-0.07942193356519762,0.0003137855558851524
3.4574175947381805e-5,-0.708561987307724,-0.07919458330605363,0.0003129789404941373
3.444773736555371e-5,-0.7064424569804924,-0.07899897652384959,0.0003120374528833835
3.513563472475814e-5,-0.7061398664784331,-0.07898236807348336,0.00031188612931966136
3.668119178764769e-5,-0.709541538726432,-0.07941332736605493,0.0003132850431095174
3.888257545390093e-5,-0.7178462142395788,-0.08025535864992939,0.00031684388326843406
4.123822614395361e-5,-0.7309092165535485,-0.08167258631401661,0.0003224186012675019
4.292994617524531e-5,-0.7466424902239231,-0.08358301793874934,0.00032922809263077207
4.301631374780027e-5,-0.7609159064118737,-0.08513572877006595,0.00033565627909759924
4.094110820328686e-5,-0.7686558743436003,-0.08588748423979878,0.0003392577712921333
3.701160349113827e-5,-0.766040939582388,-0.0856566009911774,0.0003383864664794625
3.2240875111971016e-5,-0.7521057925131093,-0.084024851414221,0.0003326197053905065
2.765431921113102e-5,-0.7285260927528171,-0.08148844174584714,0.0003223609322640784
2.383003687057598e-5,-0.6982910302817262,-0.07814225120821879,0.0003091418738382965
2.0952956196684175e-5,-0.6645315226782815,-0.07438358691712926,0.0002942164262090348
1.895887715012635e-5,-0.6298778995191856,-0.07060807499562054,0.00027882839187562365
1.7690396473273122e-5,-0.5962709801199484,-0.06685661371455764,0.00026393679614408814
1.6993452671353375e-5,-0.565012767323629,-0.06328626898592644,0.0002500253640357875
1.6712988260010544e-5,-0.5368595837555998,-0.06019571604582114,0.00023744153795192345
1.6669960526132715e-5,-0.5120630557284278,-0.057337243442900386,0.0002264518787533739
1.6680802749674496e-5,-0.49035601563869796,-0.05494600899673686,0.00021675898848339575
1.6486018113300747e-5,-0.4709054637193904,-0.05275088430420638,0.0002081503562816813
1.58752398460973e-5,-0.4524270750247151,-0.05072926667985699,0.00019994856736003794
1.474043509659505e-5,-0.4335169650762752,-0.048143449311930826,0.00019161541293537802
1.3251332535756857e-5,-0.4132624061805809,-0.04636742142634766,0.00018239203620336962
1.1635715483683833e-5,-0.3915737543259859,-0.04386240063103257,0.00017305039083656125
1.0385907362409583e-5,-0.36936161577961585,-0.04101422414632078,0.00016316234878697172
9.720259627015123e-6,-0.34808450434771915,-0.03862658975488884,0.00015356817522320517
9.74557293972393e-6,-0.3293814531179719,-0.03704063650673811,0.00014530752490127748
1.0595910563423032e-5,-0.31502171990025,-0.03521570758933076,0.00013923432334647534
1.2591617840326557e-5,-0.3071649202352469,-0.0344312653677727,0.0001356519055478172
1.5908065573582115e-5,-0.308319047616032,-0.034512516514463194,0.00013625300906699582
2.0669598641485302e-5,-0.3209277087253579,-0.035812044068170415,0.00014183216393199525
2.6375858151386012e-5,-0.34601197743905987,-0.03850937248261805,0.0001528588862134394
3.192398690639158e-5,-0.3818308481913438,-0.04239553193955481,0.00016856007234339503
3.6231661574117414e-5,-0.4241503518721997,-0.047106246831883414,0.0001870702926591425
3.8919952821800814e-5,-0.46819518995893755,-0.05203166884048006,0.00020637463616370597
4.027815470402771e-5,-0.5103712564288798,-0.05684491213448754,0.00022488030943496078
4.0767166277058716e-5,-0.5486633489919324,-0.06122200186431221,0.00024176926112362508
4.074158123456922e-5,-0.582200971640661,-0.06489929248234833,0.0002565901147787844
4.036976324665599e-5,-0.610671025392245,-0.06818330936986661,0.00026912605537619567
3.966918418051511e-5,-0.6339025194141664,-0.07085231100790726,0.0002794871714823911
3.86400526136415e-5,-0.6517310837331977,-0.07278826446976866,0.0002874692741498591
3.731293680006977e-5,-0.6640878905658584,-0.0744711457824065,0.000292982800811219
3.577526989176382e-5,-0.671130134787316,-0.07503309846535124,0.00029636270371578887
3.4219821513782327e-5,-0.673419410589178,-0.07521059528106198,0.0002973591160330301
3.278494101493455e-5,-0.6718398593723515,-0.07509029675057323,0.00029671491212733607
3.1649998657262694e-5,-0.6675899115335836,-0.07464408800591368,0.00029492388223790534
3.101651971744507e-5,-0.6622072079994332,-0.0740146981066834,0.00029258475622727517
3.1109691131534046e-5,-0.6575879852360712,-0.07347665140577511,0.0002905061629451448
3.213741074713319e-5,-0.6559200873078405,-0.07343827426478723,0.000289700437281752
3.416802244830154e-5,-0.6593108948721227,-0.07374314767713876,0.00029116392836928465
3.699706732019252e-5,-0.6691351452013364,-0.07478853607144323,0.00029531434407785326
4.001754373532819e-5,-0.6851761509209636,-0.07660149798644741,0.0003022062643257371
4.2277507687476174e-5,-0.7049495348921878,-0.07873375250699755,0.0003108264737693975
4.2717131313602927e-5,-0.7236666953631037,-0.08099018200611702,0.00031902568253257236
4.081136462511336e-5,-0.7357592105687781,-0.08230265999850604,0.00032464722188746615
3.713969165765357e-5,-0.7375625189528179,-0.08233123231345044,0.00032571863620415865
3.289791175922168e-5,-0.7287257423508802,-0.08095505080394645,0.0003220291630406004
2.9065433333680818e-5,-0.7114227429601253,-0.07952714673858644,0.00031439924437416303
2.604969793902145e-5,-0.6886825048314481,-0.07706276554639001,0.00030469319154460405
2.3974189799903355e-5,-0.6634682189028687,-0.07426918729346907,0.00029357274171265367
2.273319607605639e-5,-0.6381728612290496,-0.07142750245399684,0.0002823583841233751
2.2201679018098923e-5,-0.6145828959490957,-0.06883807166300392,0.0002718513417562515
2.2236830432906795e-5,-0.5939228761848686,-0.06644335077951538,0.0002626829394496188
2.2693466735864748e-5,-0.5768769104709718,-0.06416275433890878,0.0002550285625866146
2.336738910450322e-5,-0.5635659494529881,-0.06285640133296926,0.0002489097526462605
2.392634630158076e-5,-0.5533445966887762,-0.061762324371329794,0.0002444467646009755
2.4050297720018355e-5,-0.5447895357396029,-0.060720954001598035,0.00024066107756555663
2.3381834621221157e-5,-0.5357874479392816,-0.059905673516492584,0.0002366408355185853
2.172010845608157e-5,-0.523970846321977,-0.05809411811552805,0.00023153700736087672
1.929558213788951e-5,-0.5077077959550642,-0.056880207337054074,0.00022412800532437834
1.6578533513866785e-5,-0.48682129097010957,-0.05455472152853049,0.0002152138741080243
1.438454069243889e-5,-0.4629621491275076,-0.05186818723560249,0.0002046451593762304
1.3080506277909553e-5,-0.4386418730198868,-0.04921701397119575,0.00019386269210483866
1.2763091015093462e-5,-0.41636548916723265,-0.04668002415963775,0.00018403120305039282
1.3442372012137034e-5,-0.39834600925595864,-0.044658077290684266,0.00017602650991400048
1.5135483856813341e-5,-0.386585611750689,-0.043272108913498926,0.00017082248407983313
1.786430708848547e-5,-0.38287978740876927,-0.04287853738089198,0.00016915021765776523
2.147192030324235e-5,-0.388459689329553,-0.043379447595722626,0.00017162476227941512
2.556372721015061e-5,-0.4034416621054592,-0.04546751705055316,0.000178142960428383
2.949889635955738e-5,-0.42643228084253737,-0.04744951545628154,0.00018847216748633393
3.288188148997403e-5,-0.45502423738536446,-0.05075615067541841,0.0002007057844009965
3.539267783348249e-5,-0.4864855772938563,-0.05419738383398273,0.0002145950856111672
3.719144995259269e-5,-0.5186211164481379,-0.057894966296898116,0.00022866023159045457
3.846391783447919e-5,-0.5500127104176026,-0.06132231962688438,0.00024250671290606526
3.946779619457334e-5,-0.5800138358445871,-0.06473133172329805,0.0002556562172098668
4.037420252579201e-5,-0.6085304782002502,-0.06789380187195644,0.00026823386943806597
4.1265624287546367e-5,-0.6356829842126661,-0.07097232531283466,0.0002801605835579743
4.1994491775015754e-5,-0.6612693033605911,-0.07393146806961813,0.0002914559377422683
4.225729166725285e-5,-0.6843845817764618,-0.07643176904268238,0.0003017149446919519
4.185922413710289e-5,-0.7037350889463715,-0.07907734090806638,0.0003102606904392196
4.089148228197611e-5,-0.7183666834121955,-0.08022202399575229,0.0003170707263247007
3.971463911124093e-5,-0.7282593427425479,-0.0813979986069653,0.00032127921330025723
3.86027122347364e-5,-0.7341422386862195,-0.08206675967890927,0.00032403820295282964
3.7848979389222345e-5,-0.7373486639331125,-0.0824623694277306,0.0003255343352212727
3.7651406896111005e-5,-0.739557115083887,-0.08273054601978577,0.0003265661496536446
3.8132470025988955e-5,-0.7425499851014296,-0.08309993250066047,0.0003278702392419899
3.927187267203701e-5,-0.7478611956651888,-0.08361312364491265,0.0003301594544739704
4.0856848239598566e-5,-0.7563409078248995,-0.0845607027236624,0.00033375365606422096
4.2450762180000505e-5,-0.7677069686983364,-0.08628335780566303,0.00033866688620632783
4.343909926558206e-5,-0.7801988508397184,-0.08737639713084347,0.0003443554284525497
4.3219080998679024e-5,-0.7907877056203988,-0.08843200563153164,0.00034893337738959554
4.139453681472013e-5,-0.7958222753055133,-0.0888750743260048,0.0003513027844757925
3.808646363347507e-5,-0.7923150107471366,-0.08855743935337665,0.0003499996575754657
3.381352289601303e-5,-0.7788592317713131,-0.08710666505259264,0.00034441925293443706
2.9229838446571562e-5,-0.7558144928607864,-0.08449988178406515,0.0003345230714846345
2.4916122103657385e-5,-0.7249331535291067,-0.0811158734405872,0.0003209817894730907
2.1286831507614024e-5,-0.6888065028930841,-0.07714972064903212,0.00030506702007008455
1.8519629817625014e-5,-0.6501794475607506,-0.07288357688045843,0.0002879613736117693
1.6554206591852493e-5,-0.6113508861390645,-0.06851217392880428,0.0002707236611448553
1.522529265454436e-5,-0.5739344931051866,-0.06439857454452089,0.00025402792456490276
1.4335389789585467e-5,-0.5388881063903947,-0.06041312812931169,0.0002384789482939453
1.373149600015147e-5,-0.5066323187986975,-0.056875551989153374,0.0002240827621560766
1.3226529899825869e-5,-0.4771182390910531,-0.05354091566950518,0.00021102211982649072
1.2684532143098874e-5,-0.4499181331355542,-0.05049543196838475,0.00019891914783326298
1.1970048255547911e-5,-0.4243446920237645,-0.04757926598933223,0.00018757785762872595
1.1057693076239621e-5,-0.3996973497446526,-0.04486472260727738,0.00017662122335874086
1.0014394114013073e-5,-0.3755330270942687,-0.04215973734777486,0.000165940277419361
9.014775096154574e-6,-0.3518575631359018,-0.03951840655552199,0.00015545194651569625
8.22667930011097e-6,-0.32910582977273034,-0.0369198746246388,0.00014538541295542088
7.789562900771862e-6,-0.30800339957058886,-0.03463457313708941,0.0001360245227777298
7.794222725863667e-6,-0.2894512543509486,-0.032512716225130224,0.0001278759300012338
8.403396806961362e-6,-0.27459024200334275,-0.030831928338558055,0.0001212911642169295
9.843056771447802e-6,-0.2650023048028287,-0.029679137885818937,0.00011708109624637136
1.2501744610111758e-5,-0.26299500476527193,-0.02948349971266278,0.00011619516560856127
1.6754157040991386e-5,-0.2715531183778465,-0.030295849792754584,0.0001200538348079561
2.2622478869317475e-5,-0.29337085374723065,-0.0326370779949825,0.00012966509378913903
2.9172547279865548e-5,-0.32868589671592063,-0.03646507090908236,0.000145207823281974
3.480069066492444e-5,-0.37381155581860503,-0.04143608900820622,0.00016497819829343254
3.838618083064575e-5,-0.4226357021159883,-0.0468926031598142,0.00018634936061099486
3.995903012294778e-5,-0.4696685882617635,-0.05219062929558159,0.00020697519026985315
4.014691174864911e-5,-0.5115593681164246,-0.05700247236404211,0.00022540207837852736
3.95269647212991e-5,-0.5468339575988882,-0.06095630510754662,0.00024101354704252867
3.845736814851404e-5,-0.5751212752195977,-0.06426319326365158,0.00025352842536285696
3.709813237413646e-5,-0.5965561271093769,-0.06665183704376756,0.00026312392242819316
3.555471269885912e-5,-0.6115082140571021,-0.06837040241774381,0.00026980453752804444
3.3892645432356365e-5,-0.6204906542113554,-0.06948304809841215,0.00027388702611236466
3.219546378868547e-5,-0.6241445418355094,-0.06974719004179378,0.0002756445335279576
3.056769470775531e-5,-0.6232789992774237,-0.06963154098134117,0.0002752727481848498
2.908674297559957e-5,-0.6188150402461933,-0.06906422734774884,0.00027335374273122304
2.7871955784345425e-5,-0.6118388611686912,-0.06828780461840364,0.0002702774489508059
2.706144070554141e-5,-0.6036408600932784,-0.06724476314036901,0.000266677669024021
2.6870704046337304e-5,-0.5958724518316741,-0.06667918737080886,0.00026317493276247547
2.7530996690590922e-5,-0.5905747003636991,-0.06606547260581995,0.00026095322993202087
2.9315020800707436e-5,-0.5901530228288434,-0.06615569507102245,0.0002606913327271479
3.2201357409314423e-5,-0.59674353591996,-0.066780759377393,0.00026354130082539384
3.582275046437877e-5,-0.6113515094758071,-0.0683648562284302,0.0002697883190613203
3.937400951719046e-5,-0.6329539137370508,-0.0707191908692542,0.00027914501994850916
4.180307379841822e-5,-0.6580834388444287,-0.07347680810541575,0.0002900827333250412
4.219889237211035e-5,-0.6814232707270096,-0.0761052469753522,0.00030035312622786383
4.052184133813553e-5,-0.6980675397142636,-0.07808209473067013,0.00030784788143095793
3.769905543185748e-5,-0.7058442621813231,-0.07888592571600324,0.0003115642625388126
3.483201133460219e-5,-0.7055410204028237,-0.07879954210537778,0.0003115964077853676
3.2565523977359966e-5,-0.6995423550405782,-0.07812689797972487,0.0003090611906251628
3.1122249751741726e-5,-0.6905629363201704,-0.07724460903738306,0.0003051573908330644
3.0493518335285542e-5,-0.6810025471454352,-0.07613653253386646,0.000301009686419046
3.059401470948892e-5,-0.6727443637064479,-0.07508276669116591,0.0002972945429046871
3.1282050635224315e-5,-0.6671135636788088,-0.07462663286509796,0.0002946817652816047
3.2365745287986497e-5,-0.6648105830614647,-0.07433040357793996,0.0002937028864946188
3.3641652729587244e-5,-0.6659185020760419,-0.07447589480548408,0.0002940635712058553
3.481434627800841e-5,-0.6698232479766423,-0.07510670053810664,0.0002957457674816039
3.5581336133129316e-5,-0.6752228641093595,-0.07557003544008944,0.00029819001958809015
3.564847932073144e-5,-0.6802351276941868,-0.07604032758899008,0.0003003406518871057
3.4668571769776464e-5,-0.6823838624118709,-0.07621870536101971,0.0003013137620109067
3.2347127567293196e-5,-0.6787561966623211,-0.07552542717421094,0.00029982324024233265
2.8717896339410555e-5,-0.6668114779360361,-0.07387585440841359,0.00029458928862111984
2.452474608819344e-5,-0.6460688629155833,-0.07231793926877579,0.00028542414006628626
2.0887435775117914e-5,-0.6188306579654894,-0.06921741038901898,0.00027382204343455766
1.8544788708199022e-5,-0.5889171242598287,-0.06602777214077066,0.0002605276664877924
1.7406270424456878e-5,-0.5596866491026653,-0.06275833331020055,0.00024763575134116405
1.723133777780623e-5,-0.5334754213956336,-0.05975218288298887,0.0002359777131370789
1.774994226689426e-5,-0.5116703966871137,-0.05723639989522276,0.00022621595931991562
1.8706245988323156e-5,-0.4948595662746509,-0.055097585527380706,0.00021870512197624776
1.985442471835301e-5,-0.4829376942910131,-0.053874447535810284,0.00021326928723497103
2.0892174482334e-5,-0.4751186843621339,-0.05316309472930804,0.00020984614966347765
2.1611645220905188e-5,-0.4701385632816323,-0.05254609197263979,0.00020770388569663688
2.1876449818265442e-5,-0.46651661274534234,-0.0521449663578132,0.00020605715691831666
2.1634352984053092e-5,-0.46284019532563236,-0.05168591203250103,0.00020443597045368816
2.099079921018215e-5,-0.4580914107328162,-0.05116896645292771,0.00020231620742349382
2.01433962522821e-5,-0.4518648300082477,-0.05057752474103406,0.00019957822710521647
1.9375596836993222e-5,-0.4444987373291188,-0.049660274421838735,0.000196397903961158
1.9050517519554187e-5,-0.43713607775451996,-0.04881568776273256,0.00019307571455172312
1.9545453077948426e-5,-0.4317648104555711,-0.04833399404172986,0.00019069240322143374
2.1308203891267236e-5,-0.4312249458902592,-0.04836207984893691,0.00019051848424768474
2.4639474657444465e-5,-0.4387481074944831,-0.04901494616925504,0.00019384346324881766
2.9239358232190347e-5,-0.4565250001134453,-0.050897634748367546,0.00020154037837978323
3.400953988474363e-5,-0.48391439017329013,-0.053958994907174616,0.0002134695775293394
3.77473870096356e-5,-0.5173860259553834,-0.05760557990858097,0.00022813763925754753
4.001857351223704e-5,-0.5525882063483565,-0.06157911499346492,0.0002434928824820554
4.110875399526611e-5,-0.5863253057627343,-0.06543574090939254,0.0002583554073162323
4.15481682783559e-5,-0.6170553698293749,-0.068837154734708,0.0002719374016725493
4.172711739685941e-5,-0.64441935429665,-0.07193677322566766,0.0002839886593206542
4.183781381834152e-5,-0.6686363514304893,-0.07472033621553213,0.0002947141973194401
4.195033948952293e-5,-0.6900906761749308,-0.07708490692148896,0.000304243699048413
4.2060682271851944e-5,-0.7091171454449756,-0.07932770669127992,0.0003126474161197191
4.212629296176746e-5,-0.7259224720883509,-0.08116723686437292,0.00032016040493804094
4.211645529966427e-5,-0.7405966558148739,-0.08275712324599521,0.00032665382145858767
4.199818347311265e-5,-0.7531448256867452,-0.08417457375831638,0.00033220364475649254
4.177162482340416e-5,-0.7635686949444027,-0.08534454115887381,0.00033686679380391513
4.149233942651887e-5,-0.7719954807963579,-0.08642043994357583,0.0003406354768748306
4.128314344966789e-5,-0.7788285904879834,-0.08714809176804864,0.00034378819210273995
4.134566928699055e-5,-0.7848979903670991,-0.08774407935805592,0.0003464641877122418
4.1867254866561494e-5,-0.79140480744492,-0.08864039497495424,0.000349264755754369
4.282802902721918e-5,-0.7993829116805439,-0.08945738857358204,0.00035282355676367666
4.3735825299755084e-5,-0.8086134683011001,-0.09068845484463979,0.00035679844646545637
4.3570356319482876e-5,-0.8164628745037207,-0.09130835271967117,0.00036041489376416195
4.1442766547207613e-5,-0.818421742616814,-0.0914100890576553,0.000361382789003282
3.744218332080417e-5,-0.8105901038010366,-0.09061343768041531,0.0003582413574014616
3.2604478265066915e-5,-0.7919382978865862,-0.08856045827094798,0.0003503977540902677
2.7936405700122516e-5,-0.764055350680478,-0.08537662911252522,0.0003383166135126889
2.3910573982018686e-5,-0.7295886610622351,-0.08170386796410799,0.0003231245227325299
2.0594938819399377e-5,-0.6911074129458469,-0.07734877700678296,0.0003061993372447424
1.792567115282619e-5,-0.6506941284183905,-0.07291099616907708,0.0002881842858438186
1.5773041394488748e-5,-0.6098920821706544,-0.06833742462561197,0.0002700724970409686
1.404850538689225e-5,-0.5698069041755841,-0.06387301338687552,0.0002522189397787867
1.2663018749974635e-5,-0.5312005849939152,-0.059657817440717326,0.0002350492603199612
1.154799888001162e-5,-0.4945769252127764,-0.0555206501414181,0.00021882767002543276
1.0661246064810527e-5,-0.46023860398028094,-0.051690874497927225,0.0002035327208855214
9.925850440661121e-6,-0.42829863844822114,-0.04812301422817936,0.00018936242567025097
9.281035228373744e-6,-0.398692225989024,-0.044755959135099485,0.00017623414956254417
8.656393270678878e-6,-0.3711829024750216,-0.0416700250999358,0.00016401108069682925
7.996987310955442e-6,-0.34544004436252573,-0.03886040153051915,0.0001526067352575568
7.329180018152585e-6,-0.32123214374053116,-0.0361129408211474,0.00014194593502383804
6.792797004416974e-6,-0.2986431783661217,-0.033507893444470395,0.0001319113473502326
6.529396709751291e-6,-0.278127571795279,-0.031287418445452755,0.00012280504538765807
6.676132683464122e-6,-0.2604492032860246,-0.0292764514046676,0.0001150454405053602
7.419040237098628e-6,-0.24669262631155978,-0.027707190394187186,0.00010896826235703505
8.999220526773878e-6,-0.23842012029171067,-0.02668496684581351,0.00010533877723436273
1.1804549440870037e-5,-0.23793069229870345,-0.0266871474863773,0.00010512538193205257
1.6221736338721783e-5,-0.24823361898700844,-0.02764970620007739,0.00010977643945680043
2.2335171925382207e-5,-0.2721738962243913,-0.03023551802697854,0.00012031167948893213
2.9225899419065148e-5,-0.31018817300403323,-0.03432003515970256,0.00013706265504804084
3.514414731524187e-5,-0.3584088426263787,-0.03974857568564194,0.0001581685709305259
3.869566597319545e-5,-0.4099386275718978,-0.04540001477816494,0.00018078920413426
3.988741443861897e-5,-0.45844242346110486,-0.050970921900823606,0.00020199136190844814
3.946664330312591e-5,-0.5001653859447301,-0.05561905872434148,0.00022042671431909914
3.8222891341935314e-5,-0.5337283831902032,-0.059461605399742844,0.0002352007919467773
3.659806734676805e-5,-0.5591511143504513,-0.06302934201683827,0.0002465155606387195
3.480591154274312e-5,-0.5770154520388991,-0.06446972507573297,0.00025484436071765524
3.304088206457372e-5,-0.5882113410074297,-0.06579077190140654,0.00025958286627122463
3.1240144249816714e-5,-0.5935492267089125,-0.06632965995471513,0.00026208029963004244
2.9502827831137854e-5,-0.5938868940177677,-0.06633239409896506,0.00026226886589014053
2.787149045965978e-5,-0.59011080128158,-0.06598932472835714,0.00026064878675510013
2.6424131906214805e-5,-0.5831795411306864,-0.06501374394189138,0.00025767737424495273
2.528117827152069e-5,-0.5741972871201181,-0.06396697592986456,0.0002536260601619915
2.4559559576787952e-5,-0.5644641374513651,-0.06305385357633664,0.0002493173558842825
2.446254875847485e-5,-0.5555975700367071,-0.06209243404633507,0.0002454703656995329
2.5271633205324856e-5,-0.5496766438954893,-0.06150940833425128,0.00024282852712975746
2.721761111382625e-5,-0.5491210523215879,-0.06149637225914463,0.0002425808653083844
3.0342846780845565e-5,-0.5561733431511241,-0.06213341291977191,0.00024561018801720673
3.427058129925711e-5,-0.5719484370170745,-0.0645229557884077,0.00025235593912773473
3.815590231279938e-5,-0.5954401757486253,-0.06650396438495236,0.0002629055959777962
4.1053107725853745e-5,-0.6233241788727082,-0.06956406607569351,0.0002747363852868848
4.2022490520568844e-5,-0.6504840189377238,-0.07267416972674005,0.00028667029611408436
4.11392786345683e-5,-0.6723998945860888,-0.07519084500366442,0.00029645050907870743
3.9280350913366165e-5,-0.6871409310427523,-0.07684822434924271,0.00030313782828679883
3.739558047078991e-5,-0.695362542868973,-0.07783465521462911,0.00030691883903886095
3.6022718097881066e-5,-0.6990477560010534,-0.0781421688663425,0.00030868826970567955
3.535500461623805e-5,-0.7004754796701859,-0.07831763072746112,0.0003093131404413718
3.5371309308523805e-5,-0.7016346056278072,-0.07848024809808525,0.0003098403488562815
3.596939242999003e-5,-0.7040198845795053,-0.07870945543938818,0.00031088120734959804
3.698206942280405e-5,-0.7085358897335055,-0.07936931153937683,0.0003127885505670522
3.8189437863568445e-5,-0.7154471853232045,-0.08021861874561474,0.00031585951566470764
3.9377215846014645e-5,-0.7244371331341879,-0.08124635247385802,0.00031979539393058346
4.0344657545828854e-5,-0.7347283650120324,-0.08212897758846288,0.00032430274089373075
4.095375227449893e-5,-0.7452926013096254,-0.08342411557408161,0.00032881930434116376
4.106968960055189e-5,-0.7549080835812831,-0.08445677102125555,0.00033315221664843256
4.0499320169902275e-5,-0.7620268606331632,-0.08523096974554088,0.00033634345531248884
3.881956683095094e-5,-0.7642970408630393,-0.08544035248168264,0.0003374928185112473
3.558839736414599e-5,-0.7585764226355178,-0.08482442293438089,0.00033521897458559634
3.1048798218898583e-5,-0.7425860216044404,-0.08306475442343753,0.00032845578316423904
2.644599064007144e-5,-0.7172183676327035,-0.08025886186984452,0.00031744993771695403
2.2908177618283157e-5,-0.6860635011115747,-0.07679175043693798,0.0003037429239493296
2.0631925866750966e-5,-0.6529240882444809,-0.07314403331788182,0.0002890497079404941
1.9305092292534023e-5,-0.6204571091765849,-0.06950338528262659,0.00027463933948617807
1.8569519055104712e-5,-0.5901006973052131,-0.0660716794801596,0.00026111141873377895
1.811814244071378e-5,-0.5623492153378616,-0.0630385117020404,0.00024874067128465856
1.770259794217071e-5,-0.537003981175121,-0.059374570957825376,0.00023752349511049433
1.7204896680611388e-5,-0.513531687790695,-0.0575298425289974,0.00022667833829447096
1.638058354919812e-5,-0.4910657658887618,-0.055053463926085525,0.00021711944120424986
1.538482699084933e-5,-0.46894273418409976,-0.052538556829785275,0.00020730676766570163
1.4225852638504234e-5,-0.4467056369154432,-0.050058264564970034,0.00019742862595147285
1.3024657316058811e-5,-0.4242443714053196,-0.04760832036700376,0.00018748676266807908
1.189680788538878e-5,-0.40175055552029876,-0.045065237640728686,0.0001775576922517291
1.094312441812544e-5,-0.3796268769401151,-0.0425997556741388,0.00016773795484852284
1.023706479724086e-5,-0.35843562090432746,-0.04014792095890544,0.00015836300606984129
9.914758643488645e-6,-0.3389798142613131,-0.037994797712092195,0.000149716637067718
1.0174296182511676e-5,-0.3224712447975573,-0.03610676004696219,0.00014243540732470383
1.1334030465396114e-5,-0.3107227930313236,-0.03485579552403184,0.0001372390105423194
1.370674708813235e-5,-0.30613222075861046,-0.03428391856636087,0.00013529346407419515
1.7508741383774338e-5,-0.3113094003202695,-0.03478781817851212,0.00013756594269192406
2.2510763477038307e-5,-0.32808720006685355,-0.03654484579640414,0.0001449704252105148
2.7963341605077216e-5,-0.3562815471773308,-0.039607311832835015,0.00015734510942086
3.286405883692821e-5,-0.3932850895641778,-0.04372817457821366,0.00017356734132577853
3.65678039231126e-5,-0.4351362079068646,-0.048341619817260616,0.00019192166343782433
3.8990449576753115e-5,-0.47803543608866794,-0.05315270200161009,0.00021069982640467054
4.03388503270985e-5,-0.5191357213761931,-0.057808647821765834,0.00022874652556823777
4.086724544283837e-5,-0.5565697892459908,-0.0620605339419432,0.00024523892670153647
4.076285503028764e-5,-0.5891815374680127,-0.06570306555670667,0.0002596484291270729
4.015878215514271e-5,-0.6162996778946709,-0.06887191002332756,0.00027163839491598754
3.915863409529465e-5,-0.6376190070304583,-0.07127053606102014,0.00028118833819624546
3.788631074638898e-5,-0.6531587866083989,-0.07308674398334356,0.000288143933247909
3.644316263011653e-5,-0.6632045594006465,-0.07417621804771797,0.0002927220814681284
3.494156977955228e-5,-0.6682723191626551,-0.0746989840903149,0.00029504632187684357
3.348539899582758e-5,-0.6690804149868718,-0.0747387034319169,0.0002954710107135509
3.2204011362015616e-5,-0.6665752733211577,-0.07444724841816229,0.0002944150909982565
3.1270074854645e-5,-0.6620006103934181,-0.0739423756305207,0.00029243189059184756
3.089922288925185e-5,-0.6569719362781239,-0.07339875407159029,0.00029022124400048926
3.132008414734837e-5,-0.6534683032857215,-0.07308480703710166,0.0002886494576995535
3.268604929614223e-5,-0.653620713923792,-0.07330764652241357,0.00028867984598841264
3.4955189117776344e-5,-0.6592129740284313,-0.07368393169948668,0.0002911306000193339
3.7834714735899437e-5,-0.6711243142093265,-0.07551789655073261,0.0002961092208645066
4.065579504841562e-5,-0.6885669913797711,-0.07737783213388397,0.0003039117654957095
4.254730324562906e-5,-0.708664163852896,-0.07917478262351241,0.0003126298293415252
4.249034311923814e-5,-0.7264467540809276,-0.0812029391005269,0.0003202964977443526
4.01021796375413e-5,-0.7365182897425088,-0.08231091867314509,0.00032499281849579596
3.616746690189015e-5,-0.7358655131912126,-0.08210084278974975,0.00032500435693335656
3.1981081342556535e-5,-0.7249704813413467,-0.0809987003545981,0.0003203983763601459
2.842673534500234e-5,-0.7065210873772207,-0.07906278398362776,0.00031247466006174997
2.5804132865782272e-5,-0.6837148799926428,-0.07646290322542121,0.00030252398762644993
2.4086008868501476e-5,-0.6593086705931388,-0.07293458741171051,0.0002916930711435966
2.316989254173959e-5,-0.6354970778127812,-0.07083037144648319,0.0002807294425138051
2.2830391834892908e-5,-0.6137535393425687,-0.06867274890517423,0.0002713340460810824
2.301985633904056e-5,-0.5950981108073327,-0.06620109623716156,0.00026313901451289784
2.357025293698957e-5,-0.5800479232677016,-0.0649339288381462,0.0002562225912091977
2.4179651007770552e-5,-0.5684108662324031,-0.06351566857859403,0.00025124588273776324
2.4605032731990928e-5,-0.5592996071314406,-0.062298136335609156,0.0002471126725755039
2.4455540520769e-5,-0.5510555007596363,-0.06168930059782481,0.0002433628334234059
2.3414404182722166e-5,-0.5414486786027864,-0.0603273631725766,0.00023930580700383673
2.1474281353397812e-5,-0.5283622917735892,-0.059184769860175956,0.0002333696673131611
1.8836419646244976e-5,-0.5105103046760947,-0.05709308784525689,0.000225689198997407
1.6190363368947154e-5,-0.4882805219692109,-0.05476827891978503,0.00021579906012363234
1.412909516401938e-5,-0.46358908454685177,-0.05190995600293632,0.00020497630702190895
1.3038598742910443e-5,-0.4390416736187653,-0.04924054311674793,0.0001940256109029583
1.2936293697027098e-5,-0.4171036639986493,-0.04681734406191035,0.0001843486990280936
1.38276381354126e-5,-0.3999233475815422,-0.044849668685500985,0.00017677055016448353
1.571943047249404e-5,-0.38938959183825006,-0.04359688720579285,0.00017208185067888132
1.8564804408140488e-5,-0.3870664898865091,-0.043524856229366395,0.00017100371598274835
2.213145914901026e-5,-0.39380641181780446,-0.04439731134298358,0.0001740646353198342
2.601094407591298e-5,-0.40931760806779244,-0.04563742502305951,0.00018094538398138291
2.9698598463972192e-5,-0.4320675608124729,-0.04818302065056752,0.00019069308437020193
3.2726004418198146e-5,-0.4596534697454418,-0.05117332058288192,0.00020281946510637567
3.502518708272482e-5,-0.48964899055808375,-0.05465715062993072,0.00021592629390672168
3.6674147263979455e-5,-0.520141777278224,-0.058057073566208234,0.0002293999193687027
3.791499712008574e-5,-0.5499831939711733,-0.061319462242250954,0.00024250590719896302
3.896727981986463e-5,-0.5787348441620741,-0.06453324472933218,0.00025511254622126103
4.0007074020664217e-5,-0.6064677692925347,-0.06771668108854699,0.0002672941205666864
4.1062668776759646e-5,-0.6333485364857082,-0.07069255907556313,0.0002791767667666001
4.1935760432045645e-5,-0.6590528518412007,-0.07366638401195272,0.00029046486156304637
4.2258222978374765e-5,-0.6824372156255963,-0.07620999402193387,0.00030084590812540224
4.186341195605153e-5,-0.7020412178203456,-0.07885653319959203,0.0003095064871666507
4.089633138002413e-5,-0.7168971258164589,-0.08005951539096208,0.0003164040618730408
3.9748356106594855e-5,-0.7270554005064983,-0.08140292701492428,0.00032074548895838544
3.870137559519956e-5,-0.7333277187752407,-0.08195466136686723,0.0003237572442608105
3.80525939930877e-5,-0.7371213694167016,-0.08250907737488807,0.00032539178659911523
3.7960539860985034e-5,-0.7401050997719735,-0.08273303968370094,0.00032682417029402636
3.8530022086832945e-5,-0.743993895744307,-0.08326214042357652,0.0003284378058268743
3.9687799167537676e-5,-0.7501505077982972,-0.08391336534933748,0.00033114683902887415
4.1206681941891883e-5,-0.7592219559153716,-0.08490346574530089,0.0003350314579816582
4.266065570859015e-5,-0.7707675560735663,-0.08650988501736093,0.0003400236650125037
4.3494228466439907e-5,-0.7830326291142471,-0.0875119640606731,0.00034556120220257416
4.318929965018922e-5,-0.7932037847622292,-0.08872493742186534,0.00034992238323250645
4.1421252997257674e-5,-0.7979891730511459,-0.08912570111355966,0.00035228381455235666
3.828417582231836e-5,-0.7946635097916211,-0.08876432567435791,0.00035103729854627636
3.417492540439685e-5,-0.7817728034991782,-0.08736782242020015,0.0003456615091459092
2.9649263938026752e-5,-0.7593855359878082,-0.08487728832742351,0.0003360478176125208
2.5292732924419904e-5,-0.7289957541971943,-0.08157140439909318,0.00032276839853207905
2.1589406926602457e-5,-0.6931240519894026,-0.07761941651255876,0.0003069847287407935
1.8761319310089036e-5,-0.6545672145131595,-0.07336232729745776,0.0002899050908692623
1.675131545421785e-5,-0.6156868537996735,-0.06897936014902561,0.00027263871463369354
1.5382410332027447e-5,-0.5781274083657518,-0.06480044843536668,0.0002558888874151541
1.445173812710803e-5,-0.5428481517042089,-0.060919630235453055,0.00024019360760592145
1.3781002836191747e-5,-0.5102448710345971,-0.057277139733078554,0.00022573144285553174
1.3208752527482185e-5,-0.4802508597994895,-0.053870527829978816,0.00021241525420547506
1.258863097809244e-5,-0.4524350285144644,-0.05078033285769486,0.000200022386501404
1.180659260441195e-5,-0.4261553631481602,-0.04773644223111541,0.00018838348354170928
1.086495405094513e-5,-0.4008038162488968,-0.04498961336043616,0.00017709186949867354
9.826337995289702e-6,-0.37603272342132954,-0.042236752924004445,0.00016616239924807923
8.859006158470744e-6,-0.3519039832197146,-0.03954524794654867,0.00015548506461294926
8.104993875756936e-6,-0.3288399759923715,-0.036895595478310256,0.00014528145157666184
7.683125764103007e-6,-0.30750191940748495,-0.0345187642808901,0.00013580345889541577
7.674648552201192e-6,-0.2886982411100356,-0.03206583837386432,0.00012750616934716769
8.248399257220726e-6,-0.2734937905320019,-0.030346916526462334,0.00012062873416083499
9.587473447923564e-6,-0.2633759775374262,-0.029466201691495348,0.00011619267939105352
1.2078464322819058e-5,-0.26054866492921525,-0.02936911736962796,0.00011510277818513768
1.6147180803377464e-5,-0.2679499956014886,-0.029896403852685924,0.00011853474595506638
2.1887494365703375e-5,-0.2884033051314811,-0.0320707598739734,0.00012746720991039644
2.8432217268649186e-5,-0.3224875390314329,-0.03579459937898987,0.0001424725720375195
3.4229869148498256e-5,-0.36693174431386416,-0.04064250152774986,0.00016197040143847976
3.806860392666369e-5,-0.4157702204610676,-0.0461808808141033,0.00018332203526390928
3.9845165159472763e-5,-0.46334448472839623,-0.05145605829729729,0.00020422884176153454
4.0163638918498425e-5,-0.5060392461688406,-0.05639796026479111,0.00022295577922432213
3.959029758531498e-5,-0.5421543202421573,-0.06043607148139595,0.0002389558683069205
3.852053446179205e-5,-0.5711841093644491,-0.06378423430946285,0.0002517867479259081
3.713448445458106e-5,-0.5932046195003421,-0.06621566215658546,0.0002616236288496741
3.5557681310689444e-5,-0.6085848025446701,-0.06796528208403946,0.00026847664170921514
3.3867277677616096e-5,-0.6178658113316716,-0.06908718743566539,0.0002726760001219947
3.2149983464039034e-5,-0.6217345138587713,-0.06948893734552111,0.00027453125140576524
3.050050187498189e-5,-0.621008598869153,-0.06935209606866792,0.0002742769838690628
2.900389327631813e-5,-0.6166241808811789,-0.06880741417989067,0.0002723706190107821
2.7760665634353915e-5,-0.6096525475219949,-0.06821612240055036,0.0002693054979085254
2.6896687610267937e-5,-0.6013504552635124,-0.06718535658150607,0.00026577433584452356
2.6637870915153935e-5,-0.5933079466049284,-0.0661161325081266,0.00026213287808146614
2.7224039011199225e-5,-0.5875591696543677,-0.06569837586838398,0.0002594825102173449
2.8877059667588217e-5,-0.5864495723596416,-0.06572463989176734,0.0002590389771451796
3.166639171560506e-5,-0.5921934480954425,-0.06626646804766323,0.0002615400880642316
3.5254408311027545e-5,-0.605966074567596,-0.06766082245977983,0.000267429788123118
3.8893321851376234e-5,-0.6270245712974197,-0.07005489766110595,0.00027647731480584894
4.154368871923692e-5,-0.6522136282410493,-0.07282032496962255,0.0002875090165183668
4.225719262513194e-5,-0.6763911960873805,-0.07622233705147186,0.00029811563398711785
4.0821783484439226e-5,-0.6943947884673718,-0.07766833912085581,0.0003065313668721295
3.8152487619809145e-5,-0.703724674552925,-0.07864716555031367,0.0003105660952159723
3.5303918043647325e-5,-0.7048541418726192,-0.07872902784486542,0.0003112560866082813
3.30189236423378e-5,-0.7000694898728235,-0.07819507556569923,0.0003092680345221235
3.154943099647504e-5,-0.6920871003813108,-0.0772966362762581,0.0003058135408281908
3.090364420289629e-5,-0.6833478228977642,-0.07635490480559534,0.00030195986809781995
3.098608715096761e-5,-0.6757711628578852,-0.07548551393197227,0.0002985988467756568
3.166293691169354e-5,-0.6707102605987703,-0.07501859591222801,0.0002962925438846208
3.2749815447654294e-5,-0.6689067593870416,-0.07478949939375941,0.0002954890478388517
3.4034918805940205e-5,-0.6704749544244782,-0.07502565466486218,0.0002960671371464189
3.523479533475229e-5,-0.6748414239272109,-0.07543005891312109,0.00029797485752194186
3.607028119462726e-5,-0.6807959213939851,-0.07616211705264034,0.000300509389951521
3.622940100653269e-5,-0.6865312704328392,-0.07677232351114902,0.0003030935973396418
3.540830291404268e-5,-0.6896943113945451,-0.07704331659841376,0.00030453351938962095
3.328337923140821e-5,-0.6874404821602219,-0.07687354728853939,0.0003036278783931938
2.9775388028665015e-5,-0.6770434436020761,-0.07569895916138385,0.0002992808440416938
2.552435806218455e-5,-0.6575466169526404,-0.07356429695524488,0.0002908029749689803
2.1702898763652575e-5,-0.6309277911716564,-0.07067931434040425,0.00027914418267101595
1.9098911648252147e-5,-0.6009425985944271,-0.06734106160523688,0.0002659381666983761
1.7760105280281078e-5,-0.5711151398196656,-0.06335531696856465,0.000252694880872264
1.7444469836208497e-5,-0.5439795373082305,-0.061055949758913035,0.0002402885022586129
1.776163215179458e-5,-0.5209563350754827,-0.05835742691335387,0.00023044176389709335
1.8587555561918718e-5,-0.5027336842481687,-0.05631179744869025,0.00022223106512187047
1.9580799172283887e-5,-0.4892168016765122,-0.05465941093147117,0.00021622045505722678
2.0508004082701863e-5,-0.47968315608538786,-0.05350370528700218,0.00021190668274427907
2.1126943136974857e-5,-0.4729290519984874,-0.0527923062251414,0.0002088608856802384
2.1287319521582263e-5,-0.46750746268155985,-0.0521992145564249,0.0002064790235890711
2.096571918082317e-5,-0.4620543416695959,-0.051641254568036775,0.0002040701450692138
2.0245176798851472e-5,-0.45556720620367513,-0.05099136024134619,0.00020123114967543677
1.9321108467042304e-5,-0.4476369378912657,-0.05004033582988894,0.000197791326139347
1.8476502576930685e-5,-0.43855974092481714,-0.04911284980858207,0.00019372146121070637
1.7991188146594964e-5,-0.4293477358993306,-0.04805202471853551,0.00018972176321608436
1.826370538125924e-5,-0.42180342093943635,-0.04719797865697902,0.0001863467153756866
1.9705570596902923e-5,-0.41856286875498705,-0.04685313312200753,0.00018490563400715626
2.268263089035112e-5,-0.422846633952413,-0.0473385716829823,0.00018679068858073867
2.70957187276187e-5,-0.4373136922554204,-0.048799742405435116,0.00019314600700783414
3.2072102620187346e-5,-0.4622444108084388,-0.05160378593360047,0.0002039932765810829
3.632404841703874e-5,-0.4947893836776954,-0.05514276067960143,0.0002182535904515106
3.9149182997325613e-5,-0.5305599410361937,-0.059115080217486786,0.0002338740820249406
4.0655252022113935e-5,-0.565849788614793,-0.06309401209901651,0.0002493509882638676
4.133673929255174e-5,-0.5985724057021344,-0.06678972749965296,0.00026376465842032617
4.1626770565815045e-5,-0.627988520193908,-0.07015567343027537,0.0002767511888047524
4.177288160672625e-5,-0.6541057234826715,-0.07300040336936559,0.00028832202699072013
4.18825503733848e-5,-0.6772131912051039,-0.07568832622425097,0.00029847716846605546
4.1954649709352336e-5,-0.6976077675695966,-0.07799672832563688,0.00030758380471674663
4.1974560623443104e-5,-0.7154941533138751,-0.0799778653171899,0.00031552159472547647
4.189777887743079e-5,-0.7309539963761328,-0.08173422700522434,0.000322378107119287
4.169187321826736e-5,-0.7439815498188408,-0.08331680137146223,0.00032819589876740564
4.135480184539793e-5,-0.7545564361478021,-0.08443086846037451,0.0003329881463221782
4.0944364738102025e-5,-0.7627969351147076,-0.08552192468905348,0.00033665013652571225
4.057406434250346e-5,-0.7690743069258752,-0.08617804058463312,0.0003395605943893572
4.04564221598435e-5,-0.7742112137930202,-0.08652749631375632,0.00034183624627644253
4.081999563304005e-5,-0.7795031592075745,-0.08714499252685039,0.0003440334679063923
4.1766099127434945e-5,-0.7863602769281232,-0.08805713373347367,0.0003470222541825897
4.303116611238879e-5,-0.7954265976105078,-0.08917851421026055,0.0003510291088980785
4.379247896299309e-5,-0.8053197562481444,-0.09004600234188977,0.00035540910197935606
4.296282769130803e-5,-0.8122079994165847,-0.09079646162853032,0.0003584431708160806
4.001535593204162e-5,-0.8113281098962537,-0.0904860269912825,0.00035835976707634644
3.5554774032038685e-5,-0.7998101513343487,-0.08935590489685712,0.0003535370910767077
3.069827230997609e-5,-0.7778054303681197,-0.08689048818113823,0.0003442087228903711
2.6254213196046805e-5,-0.7474931810379483,-0.08357866761994162,0.0003309737735561685
2.2511036594182256e-5,-0.7115884162164896,-0.07964721277445488,0.00031517501179655245
1.9474477962802888e-5,-0.6725266338944477,-0.0753740963176893,0.000297890520020399
1.7045545295571044e-5,-0.6322157607270472,-0.07084625790968255,0.00028003201782925353
1.5123505264105714e-5,-0.5920598399792693,-0.06636687119933714,0.00026212397639459697
1.360194822127391e-5,-0.5530480068471375,-0.062013786939190324,0.00024477041560262426
1.2408494257084291e-5,-0.5158554459559977,-0.057843860527228466,0.00022822513246201085
1.1474257342903578e-5,-0.4809054557356214,-0.05396506596788364,0.00021268456413322238
1.0729378509792093e-5,-0.44840316046806356,-0.05037752675751166,0.0001982636861662532
1.0097709024698208e-5,-0.4183408809984638,-0.047008793598490035,0.00018495242522237999
9.494981067945918e-6,-0.39049434811278166,-0.04378864187636845,0.00017260412759576314
8.845463331909455e-6,-0.36447072811041226,-0.04098746281813108,0.0001610144275708899
8.111348202617163e-6,-0.33986079761176574,-0.037602647447406434,0.00015019451001775175
7.463572081381215e-6,-0.31658938365794553,-0.03563379948998907,0.0001395546154078091
6.910796881457236e-6,-0.2948846607490228,-0.033155786726971795,0.00013029122314983318
6.785155854506296e-6,-0.2754553236430046,-0.03092525087819117,0.00012166250415768542
7.151353340324366e-6,-0.2592408082584958,-0.029067673871082195,0.00011448109362684047
8.212645602762347e-6,-0.24754294228438672,-0.027699275375948223,0.00010931993325831862
1.0274935903500444e-5,-0.2422470276980274,-0.02722941949531702,0.00010699380697716968
1.3730152705318609e-5,-0.24599279565260398,-0.02788769252522792,0.00010877028550976864
1.8886916064727836e-5,-0.26184804260418515,-0.02907569535566228,0.00011595895866238257
2.5499000813854996e-5,-0.2918856745064044,-0.032359903507770536,0.00012895805156942978
3.2103755767189005e-5,-0.3346774829183293,-0.037102185073785356,0.00014779672998890136
3.702178021744843e-5,-0.38473070233516077,-0.04262550708443996,0.00016974563881269717
3.9480819401554246e-5,-0.4351339874727127,-0.04833985916188923,0.0001918024388069578
3.991359507983158e-5,-0.48071644104665434,-0.05352719896215497,0.00021185153746672446
3.9142675227937554e-5,-0.5189201612971083,-0.0577826989416447,0.00022871407045174723
3.778474914561575e-5,-0.5490792747699401,-0.061212317087900335,0.00024203505991850696
3.617033056832091e-5,-0.5715174363067581,-0.06430068873463778,0.0002520182570464146
3.4432276315399006e-5,-0.5868878735301164,-0.06565324204288739,0.0002591752740941012
3.270499807196763e-5,-0.5960169332859316,-0.0667535509011886,0.0002630962584194183
3.0949436964633644e-5,-0.5996518616136394,-0.0669726679022096,0.00026483944776861196
2.927003216717198e-5,-0.5986352963202012,-0.0668579738247001,0.00026436762301670615
2.7709992570799954e-5,-0.5938475559304275,-0.06623757067165213,0.0002623157378857367
2.6380705373547618e-5,-0.5863104083473093,-0.06558612108687938,0.0002589781935900463
2.5381502627360647e-5,-0.5771830828746183,-0.06453915172337818,0.00025506467063601823
2.490632176623607e-5,-0.5679083112953746,-0.06342626840975352,0.00025094260245596054
2.517416597670577e-5,-0.5603085933548481,-0.06265736498165318,0.00024752546789000117
2.6446307480643585e-5,-0.5566341652133014,-0.06232187699989089,0.0002458983842429634
2.8906112301191916e-5,-0.559310956302121,-0.06280428222751654,0.0002470387404425989
3.240610254231214e-5,-0.5701568001430397,-0.0637424269151911,0.0002518091108621183
3.6395677043492463e-5,-0.5894407844775388,-0.06579660773991922,0.00026003716601932114
3.989345908857453e-5,-0.615082982594993,-0.06874161026937743,0.00027115615267702254
4.186219738972923e-5,-0.6426945795852981,-0.07179076890452397,0.0002832912081920163
4.179439703493184e-5,-0.6670574591338742,-0.07458603213411232,0.0002940409163712343
4.0173044972521803e-5,-0.6846389968330371,-0.07664275747980753,0.00030196445239412194
3.803049051941681e-5,-0.6948042808400355,-0.07783183496813408,0.0003066582468655828
3.6165212630531106e-5,-0.6990118053297358,-0.07817174496260518,0.00030868439577906337
3.495309769742436e-5,-0.6995543068926982,-0.07821684334511549,0.00030894784950376346
3.446938253271716e-5,-0.6986890421237756,-0.07808912347665652,0.00030861761585985066
3.4666699893442996e-5,-0.6982909884746478,-0.07808747165473207,0.00030838980376640565
3.541019016572676e-5,-0.6996835043939923,-0.07831801609285544,0.00030897935448678923
3.651824676380409e-5,-0.703578904218997,-0.07865047410335245,0.00031067469488013633
3.7776855650585154e-5,-0.7100708826015649,-0.07948189897631895,0.000313408443440741
3.894186523270017e-5,-0.7186554440059457,-0.08039388452978431,0.0003172029748356037
3.982272064240391e-5,-0.728394260339216,-0.0815243990835632,0.0003214349833597542
4.024739204234874e-5,-0.7380461147210335,-0.08259292319255442,0.000325713766744122
4.004179710122009e-5,-0.7460908704342886,-0.08346429358866395,0.00032930115366456414
3.8891303427006886e-5,-0.7504483052053718,-0.08383111228496946,0.00033132363710927214
3.635490014931844e-5,-0.7482323517144323,-0.08334128118326938,0.00033048853184641303
3.232210948081049e-5,-0.7365852423581273,-0.0820207239771512,0.00032549930389922136
2.763903067795377e-5,-0.7149127351257969,-0.07906070830130921,0.00031615673699717493
2.3665575497695707e-5,-0.685967738673492,-0.0769045362300707,0.0003032079234169399
2.0920642209264144e-5,-0.6536609198363388,-0.07322762994958801,0.00028946861266218506
1.9364974058418992e-5,-0.6212950006987039,-0.0696368825738535,0.0002750140660518604
1.857529847875511e-5,-0.5908656598413846,-0.06623618072288817,0.0002614941211161428
1.824294176848931e-5,-0.563316739858901,-0.0630832176857586,0.00024923030435648297
1.8096343854633807e-5,-0.5387883546210084,-0.06032966643047033,0.00023825904181350394
1.7901001191215024e-5,-0.5168354027469436,-0.057938341904806824,0.00022849879820653848
1.7494566753472433e-5,-0.4966505001815404,-0.055534125517279646,0.00021958626913234756
1.6815174852430993e-5,-0.47731792001707246,-0.053425629183941836,0.00021092905083128617
1.5849893510825563e-5,-0.45804494189673317,-0.05131134551618056,0.0002024215512744014
1.4713080291170754e-5,-0.43836994107558247,-0.049120368356330046,0.0001937288692816129
1.3540535634306761e-5,-0.41822082100372526,-0.04681236577886419,0.00018480801018076683
1.246802548227326e-5,-0.3978710911013213,-0.0445910120735313,0.00017577240062950422
1.1604801917902865e-5,-0.3778568385148843,-0.04238701676006952,0.00016693834535187887
1.1092500029452087e-5,-0.35898041300346967,-0.04025141061943269,0.00015860195557984195
1.1133135562739504e-5,-0.3424325009700613,-0.038335063712331675,0.0001512721332364871
1.2026859213732313e-5,-0.3299914842976151,-0.03693444550878243,0.0001457532741285502
1.412572621042792e-5,-0.3240980939441976,-0.03634806329484081,0.00014316836865806113
1.767417154033863e-5,-0.32751838580381154,-0.03663834022885612,0.00014474815646454875
2.254013808217905e-5,-0.34238782046848776,-0.03813527840804126,0.00015128821384529666
2.796697799883441e-5,-0.36881370581024164,-0.04103285152791295,0.00016284436247489267
3.28783169129242e-5,-0.4042925636473938,-0.04497597299308401,0.0001784217714230526
3.657396629459855e-5,-0.4447885636586042,-0.04947713135365761,0.0001961730002406729
3.896767154168053e-5,-0.4864363338937975,-0.05411964895828439,0.00021442395858051836
4.0331299900159825e-5,-0.5264663849354414,-0.05863647230670367,0.00023198679489426532
4.096386505146694e-5,-0.5632032232468493,-0.06284573029008327,0.0002481612961328156
4.1066520405799436e-5,-0.5957013308928284,-0.06648105291168047,0.0002625321957969373
4.075030629583535e-5,-0.6234185856090195,-0.06959017830964016,0.00027478190353586135
4.007187171717738e-5,-0.6460541029498537,-0.07268368261229294,0.000284823726664557
3.907298493390052e-5,-0.6634482132989992,-0.07405695421453298,0.0002928616297679411
3.7894101239926924e-5,-0.6757358630605244,-0.07550234224610486,0.00029807983548877997
3.6556017293174265e-5,-0.6831986413419574,-0.07644430727163101,0.0003015194202842376
3.519910392694076e-5,-0.6863681445367186,-0.07671350030134354,0.0003030937594829414
3.395859862086954e-5,-0.6860365042500087,-0.07663380612885885,0.0003029814963040991
3.2998079924063425e-5,-0.6833106611996022,-0.07634317300940688,0.0003018133633645616
3.254050528662232e-5,-0.6796974253883888,-0.07597852121093863,0.00030024349672259893
3.282936700437555e-5,-0.6771148422969673,-0.07574993709020758,0.00029909675156477
3.404213661082928e-5,-0.6776928929423769,-0.07599677308474735,0.0002993038324878295
3.614970609992824e-5,-0.6832589016971441,-0.07661999512294103,0.000301731223027966
3.883237861472196e-5,-0.6946696709994438,-0.07811568629464555,0.0003066148422414846
4.1398531303946834e-5,-0.7110245574861457,-0.07950540938577423,0.00031379824014151427
4.291219836512192e-5,-0.7292649293548217,-0.08190845471819666,0.0003215451453438805
4.237589984950072e-5,-0.7442707638899198,-0.0832519811555203,0.00032844416085364545
3.95912662009786e-5,-0.7509029976997087,-0.08386704490238553,0.0003314495271355125
3.535262367796403e-5,-0.7464733424263715,-0.08319057377644634,0.00032977707451052905
3.0917663373552286e-5,-0.731655514073552,-0.08187548631635971,0.000323419015014947
2.710491746940419e-5,-0.7091466513951054,-0.0793672856779483,0.0003138196704569112
2.421208772917306e-5,-0.682115883789849,-0.07634728613248402,0.0003019147537337002
2.2192935718139572e-5,-0.6532946816111409,-0.07310419942898766,0.0002891327149621207
2.0917139355926443e-5,-0.6247590896860288,-0.06946334895476847,0.00027644498325703036
2.0268084355388573e-5,-0.5980360974500005,-0.06705136091629464,0.00026432589507158796
2.0056856865374667e-5,-0.5740800559298006,-0.06425858761112789,0.00025397027171070174
2.0226354950806126e-5,-0.5534328718433477,-0.061448968150437,0.00024470204338744095
2.055698254322328e-5,-0.53611804910266,-0.060071481329704586,0.0002367537849648372
2.0706445575026824e-5,-0.5214170258848058,-0.05832619484503314,0.00023050700432905618
2.0458688874266806e-5,-0.507990964880774,-0.05678713921061177,0.0002244796909618513
1.949715584354875e-5,-0.4939701777329609,-0.05489335242140279,0.00021826713927850232
1.781654738197231e-5,-0.47762498827190447,-0.053492340035276705,0.0002108795919418323
1.5637965477987986e-5,-0.458026043673231,-0.05131076079789884,0.0002024352628276558
1.3569213520200978e-5,-0.43568271485693777,-0.04883297356793786,0.000192540916982043
1.2060923362172836e-5,-0.4122373394282897,-0.0457851807902518,0.00018217240988989796
1.1399039156713537e-5,-0.38983374314052927,-0.043235497538727734,0.0001720420601698484
1.1607376506144225e-5,-0.3705666981288745,-0.04161430653025776,0.00016350787051912165
1.2752205476667747e-5,-0.3564220459137146,-0.03982076768270347,0.00015752280835146923
1.503812757464955e-5,-0.3494833130667461,-0.039165611567669206,0.00015434662231748528
1.843211450605957e-5,-0.3516735130114705,-0.03932127151917776,0.0001553991487226044
2.279868985410159e-5,-0.3642820854531395,-0.04067365225687399,0.0001609259299786306
2.7558854274758175e-5,-0.3871101283070229,-0.04309216567363874,0.00017095708367117362
3.197110335742582e-5,-0.418144152164409,-0.046539485561339425,0.0001845209899235196
3.546449925181313e-5,-0.4541882993972802,-0.05055834184085103,0.0002003313703193032
3.7921490212243945e-5,-0.49204777092708574,-0.05474212882608842,0.00021693238552394594
3.953453111652254e-5,-0.5293438177659329,-0.05898727829884325,0.00023326944869283718
4.0571366703143994e-5,-0.5646692485963107,-0.06293343514742261,0.0002488404070827589
4.125443242240854e-5,-0.5973323988115139,-0.06667441387477853,0.00026320270177720664
4.165209490840734e-5,-0.6269484070364681,-0.07007663542819882,0.0002763043078479281
4.1719214789823736e-5,-0.6530800292565636,-0.0728875601473326,0.0002878863492272748
4.133868708792954e-5,-0.675062015550338,-0.07543695365712208,0.0002975667446602044
4.044353320160468e-5,-0.6921648013612198,-0.07731512117206625,0.0003052677480522121
3.916313615212274e-5,-0.7040118044038111,-0.07867479396301753,0.0003105756864371434
3.772113206507735e-5,-0.7108299794431022,-0.07957498120420961,0.00031373136702644915
3.6368279790690075e-5,-0.7134221803849105,-0.07973068467148643,0.0003150661127689727
3.5343951330427856e-5,-0.7130828965252218,-0.07971466130343513,0.0003149198627661271
3.483920886556289e-5,-0.7114366811188576,-0.0795081623448101,0.00031424389020681134
3.5046936973479106e-5,-0.7103756931006139,-0.07943994164653304,0.0003137414432732563
3.606711081159762e-5,-0.7118228119820109,-0.0796716606689395,0.00031433496637420363
3.784332682945856e-5,-0.7173534790231841,-0.08050844005313178,0.0003167002596172518
4.006652496970282e-5,-0.7276100773932715,-0.08135663988586492,0.00032119677981362746
4.2158339297562416e-5,-0.741772398639973,-0.08291290125244508,0.00032716865469659665
4.324804353570157e-5,-0.7570384370780874,-0.08459704648508605,0.00033384858347831116
4.251913252431465e-5,-0.7689190340400581,-0.08605322811663535,0.0003391667124585649
3.968530417620198e-5,-0.7726817725949452,-0.08624397900687795,0.000341182787199357
3.5334712760747875e-5,-0.7654850992635653,-0.08561817265851997,0.00033823489726456514
3.0504732289684286e-5,-0.7473334647860282,-0.08357651366644488,0.00033064592382922017
2.6098767698444444e-5,-0.7204684987263283,-0.08052851869222238,0.0003189103737597763
2.255786241001055e-5,-0.6880324590122902,-0.0769797649660077,0.0003045976269052233
1.996478633603493e-5,-0.6530501241317356,-0.0731308380651157,0.0002891273720347703
1.821287716967233e-5,-0.6179342020114509,-0.06925517102543557,0.00027354140824517993
1.713004441780662e-5,-0.5843854917214221,-0.06540787185795482,0.0002586345234271675
1.6555172724073142e-5,-0.5534817943274708,-0.0620770703739326,0.0002448280254272854
1.6308758443670112e-5,-0.5257611499007055,-0.05885775854111886,0.00023256622931610608
1.6240036209336152e-5,-0.5012604755626264,-0.05570976252562551,0.00022160975824350967
1.6137388865310058e-5,-0.4795138558431743,-0.05318632915293248,0.00021175658996907417
1.574561344863834e-5,-0.45955293783211754,-0.05154405305732589,0.00020287233539401065
1.488214935955178e-5,-0.4400700112741369,-0.04932887094151168,0.00019452698622449548
1.362430085285686e-5,-0.41992765623906486,-0.04655867538753483,0.00018557613891699045
1.2152680224198627e-5,-0.39860746604244784,-0.044751744809671305,0.00017587507401139692
1.070501723780311e-5,-0.37638446707863715,-0.042210755841220256,0.00016633644284532785
9.719948890126395e-6,-0.3543540442602058,-0.03974282732829676,0.00015653588348717707
9.318077755262274e-6,-0.33392628369895877,-0.036998000020243386,0.00014750688263801296
9.68059139610737e-6,-0.3167375630927192,-0.03551808056269445,0.0001396837873344816
1.0882673709562598e-5,-0.30457507024706143,-0.034127604619209974,0.00013456014078628672
1.33169243209689e-5,-0.29975119061594674,-0.03366779431459633,0.00013243025190995674
1.7180930440917473e-5,-0.3049034207702454,-0.03408462649564263,0.0001347917503644525
2.2446822034266596e-5,-0.32226715469317124,-0.035947065980048286,0.0001424119441933604
2.8345667089065076e-5,-0.352060103531355,-0.039159143464394926,0.00015551843950822351
3.364923384135179e-5,-0.3914724527275195,-0.043454671300066666,0.0001727797111433535
3.742835918943533e-5,-0.43567124084737285,-0.048353953971166784,0.000192107924240798
3.957888715841726e-5,-0.480013868016901,-0.053449226097664046,0.00021151809029583204
4.050993230425951e-5,-0.5213805961718498,-0.058062857167003566,0.0002297695100130608
4.070299586539307e-5,-0.5581893171262038,-0.06228843233041849,0.0002459537300902083
4.042979211005467e-5,-0.5898064250603544,-0.06577367307305279,0.0002599602021444226
3.982539970281183e-5,-0.6160334862521497,-0.0694796091630715,0.000271527470949741
3.886821811989011e-5,-0.6367044674423102,-0.07159050505945014,0.000281100954161701
3.764968484353826e-5,-0.6517793446167534,-0.07280881545142866,0.00028772474248555904
3.619241379148916e-5,-0.6613702145500749,-0.07395316567199033,0.00029185138688764804
3.4601202306915276e-5,-0.6658415435421446,-0.07442171379004199,0.00029398241486710874
3.305725419098514e-5,-0.665910595841493,-0.07441003840106018,0.0002940852297125238
3.17098079886355e-5,-0.6625907743658938,-0.07398952811693213,0.0002926850952874117
3.0736295620471724e-5,-0.6571978011326197,-0.0733930509932192,0.00029031923372994917
3.033819066172823e-5,-0.6513860497630103,-0.0728599699418433,0.00028776097484577883
3.0747756514120305e-5,-0.6471695955711685,-0.07232807438326036,0.000285935867671739
3.21667876995888e-5,-0.6468055913733513,-0.07240650923500402,0.00028565314413691044
3.457459623193501e-5,-0.6522758526526358,-0.07293632244462761,0.000288011230989082
3.7647165022018315e-5,-0.6645481754443866,-0.07427231796155238,0.00029323010334682465
4.064813246732056e-5,-0.6827334554844079,-0.07631123210263818,0.0003010819257623524
4.254151374554623e-5,-0.7035452869889867,-0.07898015442390505,0.0003101712527806871
4.234086815026133e-5,-0.7216400379184571,-0.08058419754683245,0.00031837799730347836
3.989072147128257e-5,-0.7318016911042569,-0.0818226400230115,0.0003228430644153145
3.6030304927937425e-5,-0.7313907589881647,-0.08160300231669337,0.0003230449192351377
3.19899312111195e-5,-0.7210487531461411,-0.08035379633892958,0.0003186486295956924
2.8550231912239703e-5,-0.7033701903323774,-0.07874013541585956,0.00031095530595569385
2.5992189630841592e-5,-0.6814174924957951,-0.07621807118046908,0.0003015238534067228
2.4349599163379725e-5,-0.6579587666521949,-0.07368092432617546,0.0002910695937722821
2.349034340970765e-5,-0.6351636600757202,-0.07106111608732123,0.0002810175681587968
2.330756932454761e-5,-0.6146254135565339,-0.06870204911394252,0.0002718071353574283
2.3644738788579998e-5,-0.597378214164825,-0.06646107547924299,0.00026409090218222625
2.434326236121989e-5,-0.583936600125751,-0.06539609482271312,0.00025792916415019626
2.5105175102001615e-5,-0.5740889414141465,-0.0642397972961294,0.00025375758627699203
2.5665940916720293e-5,-0.5668952277595557,-0.06330234915829795,0.0002505141908439859
2.5612188386032957e-5,-0.5605713277862263,-0.06272497407088193,0.00024761634674313945
2.459552467137612e-5,-0.5527041150925691,-0.06152232318586501,0.00024424835974599533
2.2556132546457763e-5,-0.5409195391775472,-0.060587754248208975,0.00023888558654270038
1.9727689704176793e-5,-0.5237610912073359,-0.058650076981124705,0.0002315645667245921
1.6897506675583804e-5,-0.5016876683545078,-0.056138925847280204,0.00022177977977983518
1.4740437392959304e-5,-0.4768401130193857,-0.0527777318114266,0.0002107716088521065
1.3628126381654086e-5,-0.4520613098920656,-0.05080451486659404,0.00019950011598998923
1.3455197525873329e-5,-0.4298363296516979,-0.048199415352844395,0.00019007748289327035
1.4351839310421106e-5,-0.4123718340603097,-0.046249965965546536,0.00018223626351355132
1.620488710472734e-5,-0.40151425095729754,-0.044952983849551396,0.00017745488093572951
1.8992893617895742e-5,-0.3987596992223686,-0.04467361115385821,0.00017617162537496062
2.2459216746885396e-5,-0.40485700205872605,-0.04521253946690461,0.00017886846460794196
2.6184814567398195e-5,-0.4194107581349144,-0.04679388092797774,0.00018518734209939662
2.963610757747391e-5,-0.4408220756617489,-0.05009868268778686,0.00019456690412732327
3.2406480022866495e-5,-0.4666606538644923,-0.0519036155525057,0.00020636033128217443
3.458003820975037e-5,-0.49468750375699494,-0.05515484855944825,0.00021810981427936962
3.604535815480436e-5,-0.5230166250286199,-0.05832335239743988,0.0002306576099019667
3.713550910305595e-5,-0.5505854167486385,-0.061419268884444565,0.00024277394161241505
3.807201170181825e-5,-0.5770626244867381,-0.06440213507596525,0.0002544302444185639
3.9093578336684654e-5,-0.6027462896446537,-0.06724253730987337,0.0002657390001359788
4.0305832515901975e-5,-0.6281784787817584,-0.0702421106369922,0.00027687937320126823
4.150518182403707e-5,-0.6534095194260214,-0.07300631637304725,0.0002880657784403853
4.225938073167257e-5,-0.6774221066389448,-0.07574359574909195,0.0002986082663190005
4.223343672460073e-5,-0.698501515496953,-0.07813126358393535,0.0003079701799271716
4.153426900752377e-5,-0.7153233360336033,-0.08001682967624267,0.0003154915773969831
4.052095896355581e-5,-0.7275789092959478,-0.08155732312921628,0.00032101157021098944
3.955582699105645e-5,-0.7358878471347436,-0.08223423091182117,0.0003248682222163302
3.8939910982321636e-5,-0.7415487330620755,-0.0829242206747005,0.00032729765037235205
3.884358386722453e-5,-0.7461604483535452,-0.08340649336184616,0.0003294060920576461
3.936139885214172e-5,-0.7513541031017993,-0.08407593682733226,0.000331631940249339
4.041462462595386e-5,-0.7584087108334722,-0.08510050085785317,0.0003347533743097606
4.175631290357985e-5,-0.7678366318906883,-0.08582138660406649,0.0003389422179745814
4.299070152268142e-5,-0.7791448118376901,-0.08720119867484367,0.00034368923091099323
4.35955153730544e-5,-0.7906422699754142,-0.08837250484987406,0.00034882150931894615
4.314784325862092e-5,-0.7997786506834816,-0.08957485768987222,0.00035285971103534797
4.143582380086989e-5,-0.8037573998332191,-0.08980669726810894,0.00035491077216719477
3.857288602202177e-5,-0.8003648808871596,-0.08944293421835761,0.00035356886854528166
3.483762988580803e-5,-0.7883228322349026,-0.08806097587586556,0.0003485539462364076
3.0589239799398344e-5,-0.767382502643441,-0.0858482134881166,0.00033953298721652004
2.6261904558185376e-5,-0.7383851362364109,-0.08264877365792941,0.00032695388418671907
2.2372444850737757e-5,-0.703314294652434,-0.07872391802474624,0.0003115299534141738
1.9274092566453226e-5,-0.6648031869624726,-0.07442660144583627,0.0002944391768518791
1.700415549807818e-5,-0.6253154321583385,-0.07012882557343968,0.00027688393479691805
1.540330243745079e-5,-0.586661008599918,-0.06577774952170924,0.0002597491016172816
1.4285976643983128e-5,-0.5499450832240624,-0.06172879971445845,0.00024337041280145092
1.344876588013414e-5,-0.5156682148166628,-0.057886798685589685,0.0002281692102123675
1.2740868350213945e-5,-0.4838453175910752,-0.053493251317787684,0.0002140224515055405
1.206792677842753e-5,-0.4542177037534699,-0.0510669630783475,0.0002004352061833341
1.1182396458716567e-5,-0.42619828745236366,-0.04785113608840864,0.00018847402171686818
1.0270438840868306e-5,-0.399365440089544,-0.044852542864857126,0.00017650656541293557
9.305201600825894e-6,-0.37346088322292126,-0.041873276704440035,0.00016503452594829112
8.436738526052291e-6,-0.34856707764563927,-0.03911848792564709,0.00015396710405575078
7.762675468820125e-6,-0.32503874976932906,-0.0365613222526164,0.0001435690272061531
7.373450726899088e-6,-0.3033989475375483,-0.03361053197120023,0.00013405077439569604
7.393634317074417e-6,-0.28434331827629844,-0.031986796571080126,0.00012534983332370463
7.804164299197298e-6,-0.2686670011997847,-0.030184020572167337,0.00011870402980653908
8.957083819608434e-6,-0.25765594365365807,-0.02882263702639455,0.00011383374931646582
1.114756793753855e-5,-0.2532637296090312,-0.028507932465767088,0.00011186017040464903
1.4796080814703877e-5,-0.2582682781876718,-0.028811386991424118,0.0001142254665952439
2.0196351847431298e-5,-0.27576296606155454,-0.03065601034667953,0.0001218727354388737
2.675238566061665e-5,-0.3072172793073828,-0.03405017508576399,0.00013572660088026814
3.298636542175534e-5,-0.350368650407745,-0.03883083658551307,0.00015466623770846692
3.73982629202098e-5,-0.3994979114783871,-0.044263641571341,0.0001762109466470996
3.960207504653753e-5,-0.44840552985317245,-0.04977346440172339,0.00019761792080111646
4.009621152385869e-5,-0.4927659962548886,-0.05487047597060931,0.00021711743126837758
3.9540898359909694e-5,-0.5304119230806692,-0.05906030937720984,0.00023376506372053537
3.8403244639741954e-5,-0.5606269464745303,-0.0625157322773704,0.0002470985670404028
3.692421426540788e-5,-0.5834577732826605,-0.06516660859403589,0.00025727777844980937
3.5257803049125656e-5,-0.5993384356822862,-0.0671318837314508,0.0002644231450383462
3.350154765634387e-5,-0.60889596445121,-0.06800575311052129,0.000268828417595857
3.1761704945512124e-5,-0.6129184439539748,-0.06850999536344815,0.00027056951980162955
3.00814383945234e-5,-0.6122628418500562,-0.0683840783771275,0.0002704183747293446
2.8563404961273127e-5,-0.6078849520952753,-0.06789185111506046,0.0002685114787329159
2.7278920104876057e-5,-0.6008176017264194,-0.06699977782410048,0.0002654312379414903
2.6354734881366584e-5,-0.5922644487507555,-0.06615447621545992,0.000261619940721734
2.5949322283645177e-5,-0.5836790713060905,-0.06513193395080474,0.0002578821382733619
2.632941221239957e-5,-0.576955873291433,-0.06447467475581407,0.0002548488182873563
2.7741170046929216e-5,-0.5743905382815239,-0.06428625453519228,0.0002537096067085851
3.0318064007022278e-5,-0.5783278200146682,-0.0646552800744373,0.00025540709499627227
3.38375561575907e-5,-0.5903269978366298,-0.06606471793191306,0.000260539392994551
3.7641571094909415e-5,-0.6102399362856131,-0.06901430791613453,0.0002692046860389853
4.073862162356688e-5,-0.6354987813616053,-0.0708666806856012,0.0002805637992927634
4.219542190160808e-5,-0.6614666751241862,-0.07437090248644926,0.0002914533464326917
4.144539491532043e-5,-0.6827590279797038,-0.0765196339005867,0.00030125706394644057
3.922455050222476e-5,-0.6961302682650674,-0.07784376577290973,0.00030719889848436716
3.660627513245012e-5,-0.7014007997863543,-0.07838007204937252,0.00030964847351876943
3.441457726502105e-5,-0.7004940597922988,-0.07832356012416923,0.00030937794710567015
3.298361765334519e-5,-0.696006673664178,-0.07759899193664832,0.000307522878665234
3.2370413482836197e-5,-0.6903980453386418,-0.07711089872894118,0.0003049395304071144
3.2465124506337106e-5,-0.6856018437191094,-0.07663430965371501,0.000302871247118855
3.3150924707393095e-5,-0.6829972565496291,-0.07637654285205676,0.0003016933544056749
3.424408622262124e-5,-0.6833536499625936,-0.07646174055305008,0.00030179589937140726
3.5526296375495995e-5,-0.6868089241194649,-0.07678360632106276,0.0003032716956165291
3.6753848215450526e-5,-0.6928809103864334,-0.07754775372621188,0.00030584749522146007
3.766246779068747e-5,-0.7005074641820144,-0.07839174176129579,0.0003092239061106927
3.8016461778651514e-5,-0.708161955532162,-0.07938464131481314,0.0003125884445895623
3.75374831208414e-5,-0.7138251959687631,-0.0798280230406238,0.0003152066060607418
3.590214567532548e-5,-0.7149354806580235,-0.07986814311847491,0.0003157220821939416
3.281005774037941e-5,-0.7085212249965326,-0.07922506730710223,0.00031305188186487426
2.8547848795402e-5,-0.6925771771688791,-0.07748784002553714,0.000306268858056938
2.42320140525355e-5,-0.6679446537766652,-0.07475313848172473,0.0002955541660541032
2.0959134729485276e-5,-0.6380752134570893,-0.07139913321118199,0.00028238663101332463
1.901070811802624e-5,-0.6068441478602127,-0.06790710753150105,0.00026852499140296793
1.8138943363354194e-5,-0.5771365295107989,-0.06467646547923968,0.00025531353221811025
1.8010520869986562e-5,-0.5506758691692757,-0.06168487157442446,0.00024357884355832805
1.834070527734168e-5,-0.5282382742424175,-0.05908646331417245,0.00023357235186160266
1.8857180269104558e-5,-0.509833196189952,-0.057057146795150004,0.00022534065726550315
1.930581321222443e-5,-0.4948495777547364,-0.055361949578357994,0.0002186954268144654
1.9493740266866416e-5,-0.48224503650203027,-0.053985056607294746,0.00021308944931319577
1.9289460978947686e-5,-0.47077788646396795,-0.05262758288478641,0.00020802720116936798
1.868356283593529e-5,-0.45929638388217686,-0.05144923115606609,0.0002029051901174902
1.7742534559520496e-5,-0.4469796365553287,-0.050066260186599744,0.0001975375078976575
1.6661928743937054e-5,-0.43352498629042174,-0.048574281322985136,0.0001915770293378077
